season,name,profile,team,total_raids,total_tackle,raid_percent_overall,tackle_percent_overall,matches_played,total_points,success_raids,raid_points,success_tackles,tackle_points,avg_raid_points,avg_tackle_points,dod_raid_points,super_raids,super_tackles,super_10s,high_5s,success_raid_percent,success_tackle_percent
6,Aashish Nagar,"Defender, right corner",up-yoddha,0,4,0,25,3,1,0,0,1,1,0,0,0,0,0,0,0,,
6,Abhishek Singh,Raider,u-mumba,117,19,44.15,22.58,15,53,38,47,6,6,3.13,0.4,18,1,0,2,0,,
7,Abhishek Singh,Raider,u-mumba,234,12,44.15,22.58,16,109,93,108,1,1,6.75,0.06,32,2,0,6,0,,
4,Abolfazl Maghsodloumahali,Raider,patna-pirates,37,1,40.44,36.36,9,25,18,25,0,0,2.78,0,9,2,0,0,0,,
5,Abolfazl Maghsodloumahali,Raider,dabang-delhi-kc,230,14,40.44,36.36,19,97,77,91,5,6,4.79,0.32,26,0,1,0,0,,
6,Abolfazl Maghsodloumahali,Raider,u-mumba,77,7,40.44,36.36,10,25,19,23,2,2,2.3,0.2,5,2,0,0,0,,
7,Abolfazl Maghsodloumahali,Raider,gujarat-fortunegiants,10,0,40.44,36.36,6,5,3,5,0,0,1,0,1,0,0,0,0,,
5,Abozar Mohajermighani,Defender,gujarat-fortunegiants,6,116,5.26,53.15,24,66,0,1,63,65,0.17,2.71,0,0,2,0,2,,
6,Abozar Mohajermighani,Defender,telugu-titans,26,98,5.26,53.15,21,56,0,0,48,56,0,2.67,0,0,8,0,4,,
7,Abozar Mohajermighani,Defender,telugu-titans,6,87,5.26,53.15,18,40,0,1,36,39,0.2,2.17,0,0,3,0,1,,
6,Adarsh T,"Defender, left corner",bengal-warriors,1,23,200,46.87,10,14,1,2,9,12,0,1.2,0,0,3,0,0,,
7,Adarsh T,"Defender, left corner",bengal-warriors,0,9,200,46.87,9,3,0,0,3,3,0,0.33,0,0,0,0,0,,
2,Adinath Sakharam Gavali,"Defender, right and left cover",bengaluru-bulls,0,6,0,16.66,1,1,0,0,1,1,0,1,0,0,0,0,0,,
6,Ajay,Defender,bengaluru-bulls,0,0,0,0,7,4,0,0,4,4,0,0.57,0,0,0,0,0,,
7,Ajay,Defender,bengaluru-bulls,0,0,0,0,9,4,1,2,2,2,0,0.22,0,0,0,0,0,,
4,Ajay Kumar,Raider,jaipur-pink-panthers,107,7,40.26,6.25,15,61,44,61,0,0,4.36,0,36,1,0,2,0,,
5,Ajay Kumar,Raider,bengaluru-bulls,257,4,40.26,6.25,22,89,70,89,0,0,4.05,0,39,2,0,2,0,,
6,Ajay Kumar,Raider,gujarat-fortunegiants,88,5,40.26,6.25,13,33,23,32,1,1,2.67,0,4,1,0,0,0,,
4,Ajay Singh,"Defender, left corner",bengaluru-bulls,0,0,0,0,1,1,0,0,1,1,0,1,0,0,0,0,0,,
1,Ajay Thakur,Raider,bengaluru-bulls,228,18,46.82,25.6,15,127,96,122,5,5,8.13,0.33,8,2,0,5,0,,
2,Ajay Thakur,Raider,bengaluru-bulls,190,6,46.82,25.6,13,80,56,79,1,1,6.08,0.08,34,6,0,2,0,,
3,Ajay Thakur,Raider,puneri-paltan,148,9,46.82,25.6,14,56,41,52,4,4,3.71,0.29,24,2,0,1,0,,
4,Ajay Thakur,Raider,puneri-paltan,155,8,46.82,25.6,16,64,41,63,1,1,3.94,0.06,26,5,0,1,0,,
5,Ajay Thakur,Raider,tamil-thalaivas,407,25,46.82,25.6,22,222,182,213,9,9,9.68,0.41,30,3,0,12,0,,
6,Ajay Thakur,Raider,tamil-thalaivas,388,11,46.82,25.6,22,204,177,203,1,1,9.23,0.05,33,3,0,7,0,,
7,Ajay Thakur,Raider,tamil-thalaivas,177,5,46.82,25.6,13,58,47,58,0,0,4.46,0,8,2,0,1,0,,
7,Ajeet,"Defender, right cover",tamil-thalaivas,0,51,0,27.45,14,14,0,0,13,14,0,1,0,0,1,0,0,,
6,Ajinkya Ashok Pawar,Raider,jaipur-pink-panthers,163,13,39.3,26.66,17,75,57,71,3,4,4.18,0.24,21,1,1,0,0,,
7,Ajinkya Ashok Pawar,Raider,jaipur-pink-panthers,66,2,39.3,26.66,14,19,16,19,0,0,1.46,0,8,0,0,0,0,,
7,Ajinkya Rohidas Kapre,All Rounder,u-mumba,5,1,20,0,2,1,1,1,0,0,0,0,0,0,0,0,0,,
5,Ajit Singh,Raider,jaipur-pink-panthers,57,2,42.2,0,11,23,17,23,0,0,2.09,0,7,1,0,0,0,,
6,Ajit Singh,Raider,jaipur-pink-panthers,19,2,42.2,0,6,9,7,9,0,0,1.5,0,2,0,0,0,0,,
5,Ajvender Singh,Raider,up-yoddha,1,3,0,33.33,2,1,0,0,1,1,0,0,0,0,0,0,0,,
5,Akshay Jadhav,Raider,puneri-paltan,39,17,25.17,58.13,10,21,9,9,10,12,0.9,1.2,4,0,2,0,1,,
6,Akshay Jadhav,Raider,puneri-paltan,108,26,25.17,58.13,18,41,25,28,12,13,1.56,0.72,5,1,1,0,1,,
7,Aman,"Defender, left corner",bengaluru-bulls,0,4,0,25,2,1,0,0,1,1,0,0,0,0,0,0,0,,
7,Aman Kadian,Raider,dabang-delhi-kc,3,0,33.33,50,3,4,2,3,1,1,1,0,0,0,0,0,0,,
2,Aman Kumar,"Defender, left cover",patna-pirates,6,2,33.33,50,4,2,0,0,2,2,0,0.5,0,0,0,0,0,,
6,Amit,"Defender, left cover",up-yoddha,0,31,14.28,30.52,14,6,0,0,5,6,0,0.43,0,0,1,0,0,,
7,Amit,"Defender, left cover",up-yoddha,14,64,14.28,30.52,18,25,1,2,21,23,0.33,1.28,0,0,2,0,0,,
2,Amit Hooda,"Defender, right corner",patna-pirates,35,41,18.51,53.38,12,26,4,5,20,21,0.45,1.75,1,0,1,0,0,,
3,Amit Hooda,"Defender, right corner",patna-pirates,4,27,18.51,53.38,4,11,0,0,11,11,0,2.75,0,0,0,0,0,,
4,Amit Hooda,"Defender, right corner",jaipur-pink-panthers,2,89,18.51,53.38,16,53,0,2,47,51,0,3.19,0,0,4,0,3,,
5,Amit Hooda,"Defender, right corner",tamil-thalaivas,7,117,18.51,53.38,22,61,0,0,55,61,0,2.77,0,0,6,0,2,,
6,Amit Hooda,"Defender, right corner",tamil-thalaivas,2,85,18.51,53.38,18,51,0,2,45,49,0,2.72,0,0,4,0,4,,
7,Amit Hooda,"Defender, right corner",jaipur-pink-panthers,4,70,18.51,53.38,14,37,0,1,33,36,0,2.57,0,0,3,0,2,,
6,Amit Kharb,"Defender, right cover",gujarat-fortunegiants,0,8,0,31.25,6,2,0,0,1,2,0,0.33,0,0,1,0,0,,
7,Amit Kharb,"Defender, right cover",gujarat-fortunegiants,0,8,0,31.25,5,1,0,0,1,1,0,0,0,0,0,0,0,,
2,Amit Kumar,All Rounder,puneri-paltan,0,0,0,0,1,1,0,0,1,1,0,0,0,0,0,0,0,,
6,Amit Kumar,Raider,jaipur-pink-panthers,35,59,34.28,35.59,17,33,10,12,20,21,1.09,1.24,5,1,1,0,1,,
6,Amit Kumar,Raider,puneri-paltan,29,3,27.47,45.45,6,8,4,8,0,0,1.6,0,6,1,0,0,0,,
6,Amit Kumar,Raider,bengal-warriors,7,8,7.4,44.82,2,4,1,1,3,3,0.5,1.5,1,0,0,0,0,,
7,Amit Kumar,Raider,puneri-paltan,62,41,27.47,45.45,13,37,12,17,19,20,1.42,1.54,8,0,1,0,0,,
7,Amit Kumar,All Rounder,puneri-paltan,33,2,48.48,100,6,18,9,16,1,2,2.67,0,4,0,1,0,0,,
7,Amit Kumar,Raider,telugu-titans,47,21,7.4,44.82,9,13,2,3,8,10,0.33,1.11,2,0,2,0,0,,
7,Amit Kumar,All Rounder,patna-pirates,8,1,62.5,0,3,5,3,5,0,0,1.67,0,0,1,0,0,0,,
2,Amit Kumar Tomar,Raider,dabang-delhi-kc,0,0,0,0,9,8,3,6,2,2,0.67,0.22,1,0,0,0,0,,
4,Amit Nagar,Raider,jaipur-pink-panthers,6,0,40.47,37.5,3,2,1,2,0,0,0.67,0,0,0,0,0,0,,
6,Amit Nagar,Raider,bengal-warriors,36,16,40.47,37.5,9,21,13,15,6,6,1.88,0.67,4,0,0,0,0,,
2,Amit Om Prakash Rathi,Raider,puneri-paltan,26,2,30,33.33,5,12,9,12,0,0,2.4,0,3,0,0,0,0,,
3,Amit Om Prakash Rathi,Raider,bengaluru-bulls,66,10,30,33.33,8,36,21,30,4,6,3.75,0.75,11,1,2,0,0,,
4,Amit Om Prakash Rathi,Raider,bengaluru-bulls,15,0,30,33.33,2,4,3,4,0,0,2,0,3,0,0,0,0,,
6,Amit Sheoran,Defender,bengaluru-bulls,0,71,0,50.62,15,38,0,0,36,38,0,2.53,0,0,2,0,2,,
7,Amit Sheoran,Defender,bengaluru-bulls,1,83,0,50.62,19,43,0,0,40,43,0,2.26,0,0,3,0,3,,
1,Amit Singh Chhillar,"Defender, left corner",dabang-delhi-kc,4,81,16.66,38.31,14,30,1,1,26,29,0,2.07,0,0,3,0,1,,
2,Amit Singh Chhillar,"Defender, left corner",dabang-delhi-kc,1,21,16.66,38.31,6,12,0,0,11,12,0,2,0,0,1,0,1,,
3,Amit Singh Chhillar,"Defender, left corner",dabang-delhi-kc,0,17,16.66,38.31,5,5,0,0,5,5,0,1,0,0,0,0,0,,
4,Amit Singh Chhillar,"Defender, left corner",bengal-warriors,1,34,16.66,38.31,9,13,0,0,13,13,0,1.44,0,0,0,0,0,,
6,Anand,Raider,tamil-thalaivas,17,0,46.66,0,3,8,7,8,0,0,2.67,0,3,0,0,0,0,,
7,Anand,Raider,tamil-thalaivas,13,3,46.66,0,5,6,3,6,0,0,1.2,0,3,1,0,0,0,,
5,Anand Patil,Raider,dabang-delhi-kc,102,6,29.87,0,19,33,24,33,0,0,1.83,0,7,2,0,0,0,,
6,Anand Patil,Raider,jaipur-pink-panthers,52,2,29.87,0,7,13,9,13,0,0,1.86,0,5,1,0,0,0,,
6,Anand Surendra Tomar,Raider,haryana-steelers,20,4,40,25,5,9,7,8,1,1,1.6,0,2,0,0,0,0,,
6,Anand V,Raider,bengaluru-bulls,15,1,20,0,3,3,3,3,0,0,1,0,3,0,0,0,0,,
3,Anil Kashinath Patil,All Rounder,jaipur-pink-panthers,,,,,5,8,6,8,0,0,1.6,0,6,0,0,0,0,,
3,Anil Kumar,"Defender, left cover",dabang-delhi-kc,,,,,11,21,2,2,19,19,0.33,1.73,1,0,0,0,0,,
4,Anil Kumar,"Defender, left corner",dabang-delhi-kc,,,,,9,16,1,1,11,15,0.33,1.67,1,0,4,0,0,,
4,Anil Kumar,"Defender, left corner",dabang-delhi-kc,,,,,9,16,1,1,11,15,0.33,0.5,1,0,4,0,0,,
4,Anil Kumar,"Defender, left corner",dabang-delhi-kc,,,,,9,16,1,1,11,2,0.33,1.67,1,0,4,0,0,,
4,Anil Kumar,"Defender, left corner",dabang-delhi-kc,,,,,9,16,1,1,11,2,0.33,0.5,1,0,4,0,0,,
4,Anil Kumar,"Defender, left corner",dabang-delhi-kc,,,,,9,16,1,1,2,15,0.33,1.67,1,0,4,0,0,,
4,Anil Kumar,"Defender, left corner",dabang-delhi-kc,,,,,9,16,1,1,2,15,0.33,0.5,1,0,4,0,0,,
4,Anil Kumar,"Defender, left corner",dabang-delhi-kc,,,,,9,16,1,1,2,2,0.33,1.67,1,0,4,0,0,,
4,Anil Kumar,"Defender, left corner",dabang-delhi-kc,,,,,9,16,1,1,2,2,0.33,0.5,1,0,4,0,0,,
4,Anil Kumar,"Defender, left cover",patna-pirates,,,,,4,2,1,1,11,15,0.33,1.67,1,0,4,0,0,,
4,Anil Kumar,"Defender, left cover",patna-pirates,,,,,4,2,1,1,11,15,0.33,0.5,1,0,4,0,0,,
4,Anil Kumar,"Defender, left cover",patna-pirates,,,,,4,2,1,1,11,2,0.33,1.67,1,0,4,0,0,,
4,Anil Kumar,"Defender, left cover",patna-pirates,,,,,4,2,1,1,11,2,0.33,0.5,1,0,4,0,0,,
4,Anil Kumar,"Defender, left cover",patna-pirates,,,,,4,2,1,1,2,15,0.33,1.67,1,0,4,0,0,,
4,Anil Kumar,"Defender, left cover",patna-pirates,,,,,4,2,1,1,2,15,0.33,0.5,1,0,4,0,0,,
4,Anil Kumar,"Defender, left cover",patna-pirates,,,,,4,2,1,1,2,2,0.33,1.67,1,0,4,0,0,,
4,Anil Kumar,"Defender, left cover",patna-pirates,,,,,4,2,1,1,2,2,0.33,0.5,1,0,4,0,0,,
5,Anil Kumar,"Defender, left corner",tamil-thalaivas,,,,,5,2,0,0,2,2,0,0.4,0,0,0,0,0,,
5,Anil Kumar,Raider,bengal-warriors,,,,,2,1,0,1,0,0,0,0,0,0,0,0,0,,
5,Anil Kumar,"Defender, left cover",tamil-thalaivas,,,,,5,1,0,0,1,1,0,0,0,0,0,0,0,,
6,Anil Kumar,"Defender, left cover",telugu-titans,,,,,18,30,0,1,25,29,0.17,1.61,0,0,4,0,0,,
6,Anil Kumar,Raider,tamil-thalaivas,,,,,4,8,0,0,8,8,0,2,0,0,0,0,1,,
6,Anil Kumar,"Defender, left corner",dabang-delhi-kc,,,,,5,7,0,0,6,7,0,1.4,0,0,1,0,0,,
7,Anil Kumar,"Defender, left cover",dabang-delhi-kc,,,,,15,27,0,0,26,27,0,1.8,0,0,1,0,0,,
3,Anil Shriram Nimbolkar,Raider,dabang-delhi-kc,,,,,6,19,9,15,2,4,2.5,0.67,4,1,2,1,0,,
6,Ankit,Defender,bengaluru-bulls,,,,,6,3,0,0,3,3,0,0.5,0,0,0,0,0,,
7,Ankit,"Defender, right corner",gujarat-fortunegiants,,,,,12,13,0,0,11,13,0,1.08,0,0,2,0,0,,
7,Ankit,Defender,bengaluru-bulls,,,,,7,6,0,0,5,6,0,0.86,0,0,1,0,0,,
7,Ankit Beniwal,Raider,telugu-titans,,,,,6,8,5,7,1,1,1.17,0,0,0,0,0,0,,
7,Ankush,Raider,up-yoddha,,,,,3,7,4,6,1,1,2,0,2,0,0,0,0,,
2,Anoop E.V.,Raider,u-mumba,,,,,2,2,0,0,2,2,0,1,0,0,0,0,0,,
6,Anuj Kumar,"Defender, right cover",telugu-titans,,,,,7,6,1,1,4,5,0,0.71,0,0,1,0,0,,
1,Anup Kumar,Raider,u-mumba,,,,,16,169,123,155,12,14,9.69,0.88,13,8,2,10,0,,
2,Anup Kumar,Raider,u-mumba,,,,,14,81,61,74,6,7,5.29,0.5,8,1,1,1,0,,
3,Anup Kumar,Raider,u-mumba,,,,,13,79,63,76,3,3,5.85,0.23,3,3,0,0,0,,
4,Anup Kumar,Raider,u-mumba,,,,,14,82,60,72,9,10,5.14,0.71,3,1,1,0,0,,
5,Anup Kumar,Raider,u-mumba,,,,,21,135,84,112,19,23,5.33,1.1,5,2,4,2,0,,
6,Anup Kumar,Raider,jaipur-pink-panthers,,,,,13,50,30,38,12,12,2.92,0.92,1,2,0,0,0,,
6,Arjun Deshwal,Raider,u-mumba,,,,,3,4,3,4,0,0,1.33,0,0,0,0,0,0,,
7,Arjun Deshwal,Raider,u-mumba,,,,,16,78,57,76,2,2,4.75,0,11,2,0,2,0,,
6,Armaan,All Rounder,telugu-titans,,,,,4,15,9,13,1,2,3.25,0,4,1,1,1,0,,
7,Armaan,All Rounder,telugu-titans,,,,,6,9,6,9,0,0,1.5,0,2,1,0,0,0,,
6,Arun Kumar HN,Raider,haryana-steelers,,,,,2,1,1,1,0,0,0,0,0,0,0,0,0,,
7,Arun Kumar HN,Raider,haryana-steelers,,,,,2,2,1,2,0,0,0,0,0,0,0,0,0,,
7,Ashish,Raider,patna-pirates,,,,,7,5,3,5,0,0,0.71,0,1,0,0,0,0,,
2,Ashish Chhokar,Raider,bengaluru-bulls,,,,,6,13,7,12,1,1,2,0,3,0,0,0,0,,
5,Ashish Chhokar,Raider,haryana-steelers,,,,,5,12,6,9,3,3,1.8,0.6,1,1,0,0,0,,
2,Ashish Kumar,"Defender, right cover",bengaluru-bulls,,,,,5,5,2,2,2,3,0.5,0.6,1,0,1,0,0,,
3,Ashish Kumar,"Defender, right cover",bengaluru-bulls,,,,,13,32,5,7,25,25,0.88,1.92,0,0,0,0,1,,
4,Ashish Kumar,"Defender, right cover",bengaluru-bulls,,,,,14,37,11,14,17,23,1.08,1.64,5,0,6,0,1,,
5,Ashish Kumar,"Defender, right cover",bengaluru-bulls,,,,,20,32,16,17,14,15,1,0.75,4,0,1,0,1,,
6,Ashish Kumar,All Rounder,bengaluru-bulls,,,,,24,45,3,5,37,40,0.29,1.67,0,0,3,0,1,,
7,Ashish Kumar,All Rounder,bengaluru-bulls,,,,,7,6,0,1,3,5,0.17,0.71,0,0,2,0,0,,
7,Ashu Singh,"Defender, right cover",up-yoddha,,,,,18,32,0,0,30,32,0,1.78,0,0,2,0,0,,
4,Athul MS,Raider,telugu-titans,,,,,4,8,6,8,0,0,2,0,4,0,0,0,0,,
6,Athul MS,Raider,tamil-thalaivas,,,,,19,56,46,55,1,1,3.06,0.05,6,0,0,0,0,,
7,Athul MS,Raider,u-mumba,,,,,14,45,32,45,0,0,3.21,0,10,0,0,0,0,,
1,Atif Waheed,All Rounder,telugu-titans,,,,,3,1,0,0,1,1,0,0.33,0,0,0,0,0,,
6,Azad Singh,Raider,up-yoddha,,,,,9,23,14,21,2,2,2.33,0,6,1,0,0,0,,
7,Azad Singh,Raider,up-yoddha,,,,,4,6,3,6,0,0,1.5,0,0,0,0,0,0,,
5,Babu M,"Defender, left cover",haryana-steelers,,,,,2,2,0,0,2,2,0,1,0,0,0,0,0,,
1,Bajirao Hodage,"Defender, right cover",bengal-warriors,,,,,6,11,0,0,9,11,0,1.83,0,0,2,0,0,,
2,Bajirao Hodage,"Defender, right cover",bengal-warriors,,,,,7,13,0,0,13,13,0,1.86,0,0,0,0,0,,
3,Bajirao Hodage,"Defender, right cover",bengal-warriors,,,,,16,37,0,0,36,37,0,2.31,0,0,1,0,1,,
4,Bajirao Hodage,"Defender, right cover",patna-pirates,,,,,14,22,0,0,20,22,0,1.57,0,0,2,0,1,,
5,Bajirao Hodage,"Defender, right cover",dabang-delhi-kc,,,,,12,11,0,0,11,11,0,0.92,0,0,0,0,0,,
6,Bajirao Hodage,"Defender, right cover",jaipur-pink-panthers,,,,,6,1,0,0,1,1,0,0.17,0,0,0,0,0,,
1,Balbir Singh,All Rounder,jaipur-pink-panthers,,,,,8,9,7,9,0,0,1.13,0,2,0,0,0,0,,
2,Balbir Singh,All Rounder,jaipur-pink-panthers,,,,,2,1,0,1,0,0,0,0,0,0,0,0,0,,
6,Baldev Singh,"Defender, right corner",bengal-warriors,,,,,18,28,0,1,24,27,0,1.5,0,0,3,0,1,,
7,Baldev Singh,"Defender, right corner",bengal-warriors,,,,,19,56,0,0,51,56,0,2.95,0,0,5,0,6,,
7,Balram,All Rounder,dabang-delhi-kc,,,,,2,2,1,2,0,0,0,0,2,0,0,0,0,,
7,Banty,Raider,bengaluru-bulls,,,,,11,21,13,18,3,3,1.8,0.27,6,0,0,0,0,,
6,Bhanu Pratap Tomar,Raider,up-yoddha,,,,,6,9,6,9,0,0,1.5,0,1,0,0,0,0,,
5,Bhavani Rajput,Raider,tamil-thalaivas,,,,,4,3,1,3,0,0,0.75,0,1,0,0,0,0,,
2,Bhupender Singh,All Rounder,u-mumba,,,,,11,30,18,22,8,8,2.2,0.73,11,1,0,0,1,,
3,Bhupender Singh,All Rounder,u-mumba,,,,,11,12,8,11,1,1,1,0.09,10,0,0,0,0,,
5,Bhupender Singh,All Rounder,bengal-warriors,,,,,17,28,16,28,0,0,1.65,0,7,2,0,0,0,,
6,Bhupender Singh,All Rounder,bengal-warriors,,,,,4,13,6,10,2,3,2.5,0,6,1,1,0,0,,
6,Bhuvneshwar Gaur,Raider,haryana-steelers,,,,,6,6,3,6,0,0,1,0,0,0,0,0,0,,
6,C Manoj Kumar,"Defender, left cover",telugu-titans,,,,,12,14,7,10,4,4,1.11,0.33,1,0,0,0,0,,
2,C. Arun,"Defender, left cover",jaipur-pink-panthers,,,,,8,11,0,0,10,11,0,1.38,0,0,1,0,0,,
3,C. Arun,"Defender, left cover",jaipur-pink-panthers,,,,,11,18,1,1,12,17,0.25,1.55,0,0,5,0,1,,
4,C. Arun,"Defender, left cover",bengal-warriors,,,,,14,15,0,0,14,15,0,1.07,0,0,1,0,0,,
5,C. Arun,"Defender, left cover",tamil-thalaivas,,,,,20,36,0,1,30,35,0.13,1.75,0,0,5,0,1,,
6,C. Arun,"Defender, left cover",tamil-thalaivas,,,,,16,8,0,0,8,8,0,0.5,0,0,0,0,0,,
7,C. Arun,"Defender, left cover",telugu-titans,,,,,18,23,1,2,18,21,0,1.17,0,0,3,0,1,,
7,Chand Singh,"Defender, left corner",haryana-steelers,,,,,8,6,1,1,4,5,0,0.63,0,0,1,0,0,,
1,Chandran Ranjit,Raider,telugu-titans,,,,,6,6,4,6,0,0,1,0,0,0,0,0,0,,
2,Chandran Ranjit,Raider,telugu-titans,,,,,1,1,0,0,1,1,0,0,0,0,0,0,0,,
5,Chandran Ranjit,Raider,gujarat-fortunegiants,,,,,11,51,43,51,0,0,4.64,0,13,3,0,1,0,,
6,Chandran Ranjit,Raider,dabang-delhi-kc,,,,,24,158,127,153,4,5,6.38,0.21,16,3,1,3,0,,
7,Chandran Ranjit,Raider,dabang-delhi-kc,,,,,18,104,76,100,3,4,5.56,0.22,9,3,1,2,0,,
3,CPO Surjeet Singh,Raider,dabang-delhi-kc,,,,,12,68,54,68,0,0,5.67,0,6,0,0,5,0,,
4,CPO Surjeet Singh,Raider,patna-pirates,,,,,10,37,27,33,4,4,3.3,0.4,5,1,0,0,0,,
5,CPO Surjeet Singh,Raider,haryana-steelers,,,,,17,63,47,59,4,4,3.47,0.24,4,1,0,1,0,,
6,CPO Surjeet Singh,Raider,tamil-thalaivas,,,,,9,16,10,16,0,0,1.78,0,4,1,0,0,0,,
1,D. Gopu,"Defender, right and left corner",telugu-titans,,,,,15,27,4,4,20,23,0.5,1.53,0,0,3,0,0,,
2,D. Gopu,"Defender, right and left corner",telugu-titans,,,,,7,9,0,0,9,9,0,1.29,0,0,0,0,0,,
3,D. Gopu,"Defender, right and left corner",telugu-titans,,,,,2,1,0,0,1,1,0,0,0,0,0,0,0,,
4,D. Gopu,"Defender, right and left corner",dabang-delhi-kc,,,,,5,7,0,0,5,7,0,1.4,0,0,2,0,1,,
6,D. Gopu,"Defender, right and left corner",tamil-thalaivas,,,,,5,7,0,0,5,7,0,1.4,0,0,2,0,0,,
5,D. Pradap,All Rounder,tamil-thalaivas,,,,,16,29,6,9,19,20,0.6,1.25,0,0,1,0,0,,
6,D. Pradap,All Rounder,tamil-thalaivas,,,,,13,22,5,9,12,13,1.13,1,4,0,1,0,0,,
1,D. Suresh Kumar,"Defender, right cover",patna-pirates,,,,,12,28,0,0,24,28,0,2.33,0,0,4,0,4,,
2,D. Suresh Kumar,"Defender, right cover",patna-pirates,,,,,16,30,0,0,26,30,0,1.88,0,0,4,0,2,,
3,D. Suresh Kumar,"Defender, right cover",patna-pirates,,,,,12,18,0,0,16,18,0,1.5,0,0,2,0,0,,
4,D. Suresh Kumar,"Defender, right cover",dabang-delhi-kc,,,,,14,19,0,0,19,19,0,1.36,0,0,0,0,0,,
5,D. Suresh Kumar,"Defender, right cover",u-mumba,,,,,5,8,0,0,6,8,0,1.6,0,0,2,0,0,,
1,Dadaso Balaso Awad,All Rounder,dabang-delhi-kc,,,,,5,5,0,0,4,5,0,1,0,0,1,0,0,,
2,Dadaso Balaso Awad,All Rounder,dabang-delhi-kc,,,,,7,17,4,5,10,12,0.83,1.71,2,0,2,0,0,,
5,Darshan J.,"Defender, right cover",tamil-thalaivas,,,,,20,41,0,1,39,40,0,2,0,0,1,0,1,,
6,Darshan J.,"Defender, right cover",tamil-thalaivas,,,,,9,6,0,0,6,6,0,0.67,0,0,0,0,0,,
3,Darshan Kadian,Raider,patna-pirates,,,,,2,2,0,0,2,2,0,1,0,0,0,0,0,,
5,Darshan Kadian,Raider,u-mumba,,,,,16,40,24,33,4,7,2.36,0.44,10,1,3,0,0,,
6,Darshan Kadian,Raider,u-mumba,,,,,14,50,38,49,1,1,3.5,0,14,1,0,1,0,,
7,Darshan Kadian,Raider,puneri-paltan,,,,,7,8,4,7,1,1,1,0.14,1,0,0,0,0,,
5,David Shilisia J Mosambayi,Raider,haryana-steelers,,,,,2,2,1,2,0,0,1,0,0,0,0,0,0,,
6,David Shilisia J Mosambayi,Raider,jaipur-pink-panthers,,,,,4,4,1,4,0,0,1,0,0,0,0,0,0,,
2,Deepak Dhull,"Defender, left cover",bengal-warriors,,,,,8,12,0,1,10,11,0,1.38,0,0,1,0,1,,
3,Deepak Dhull,"Defender, left cover",bengal-warriors,,,,,1,1,0,0,1,1,0,0,0,0,0,0,0,,
2,Deepak Kumar,"Defender, left corner",bengal-warriors,,,,,4,5,0,0,4,5,0,1.25,0,0,1,0,1,,
3,Deepak Kumar,"Defender, left corner",bengal-warriors,,,,,3,4,0,0,3,4,0,1.33,0,0,1,0,0,,
1,Deepak Kumar Dahiya,Raider,bengaluru-bulls,,,,,7,21,15,19,2,2,2.71,0.29,9,0,0,0,0,,
2,Deepak Kumar Dahiya,Raider,bengaluru-bulls,,,,,2,6,3,6,0,0,3,0,4,0,0,0,0,,
3,Deepak Kumar Dahiya,Raider,bengaluru-bulls,,,,,10,37,29,37,0,0,3.7,0,20,3,0,0,0,,
4,Deepak Kumar Dahiya,Raider,bengaluru-bulls,,,,,7,13,8,12,1,1,1.71,0,5,1,0,0,0,,
5,Deepak Kumar Dahiya,Raider,haryana-steelers,,,,,16,78,61,76,2,2,4.75,0.13,38,3,0,1,0,,
6,Deepak Kumar Dahiya,Raider,puneri-paltan,,,,,11,34,26,31,2,3,2.82,0.27,3,1,1,1,0,,
3,Deepak Kumar Rathee,All Rounder,bengaluru-bulls,,,,,14,17,4,6,11,11,0.6,0.79,5,1,0,0,0,,
5,Deepak Kumar Rathee,All Rounder,haryana-steelers,,,,,6,7,3,3,3,4,0.5,0.67,1,0,1,0,0,,
2,Deepak Narwal,Raider,patna-pirates,,,,,16,61,45,57,4,4,3.56,0.25,15,1,0,0,0,,
3,Deepak Narwal,Raider,patna-pirates,,,,,9,33,21,31,1,2,3.88,0,6,0,1,1,0,,
4,Deepak Narwal,Raider,dabang-delhi-kc,,,,,6,13,8,13,0,0,2.17,0,4,1,0,0,0,,
5,Deepak Narwal,Raider,bengal-warriors,,,,,16,87,71,85,2,2,5.31,0.13,25,1,0,4,0,,
6,Deepak Narwal,Raider,patna-pirates,,,,,17,74,55,70,4,4,4.12,0.24,9,1,0,3,0,,
7,Deepak Narwal,Raider,jaipur-pink-panthers,,,,,17,56,44,55,1,1,3.24,0.06,12,0,0,1,0,,
1,Deepak Niwas Hooda,All Rounder,telugu-titans,,,,,14,89,72,87,2,2,6.21,0.14,8,3,0,3,0,,
2,Deepak Niwas Hooda,All Rounder,telugu-titans,,,,,15,96,54,60,32,36,4,2.4,8,1,4,1,3,,
3,Deepak Niwas Hooda,All Rounder,puneri-paltan,,,,,12,76,62,69,7,7,5.75,0.58,21,0,0,1,0,,
4,Deepak Niwas Hooda,All Rounder,puneri-paltan,,,,,16,130,108,126,4,4,7.88,0.25,34,2,0,2,0,,
5,Deepak Niwas Hooda,All Rounder,puneri-paltan,,,,,24,186,127,172,13,14,7.17,0.58,47,8,1,7,0,,
6,Deepak Niwas Hooda,All Rounder,jaipur-pink-panthers,,,,,22,208,162,196,11,12,8.91,0.55,23,4,1,10,1,,
7,Deepak Niwas Hooda,All Rounder,jaipur-pink-panthers,,,,,20,158,113,146,10,12,7.3,0.6,25,2,2,7,0,,
5,Deepak Yadav,"Defender, right cover",u-mumba,,,,,4,8,0,0,7,8,0,2,0,0,1,0,0,,
1,Dharmaraj Cheralathan,"Defender, right and left corner",bengaluru-bulls,,,,,16,52,8,13,34,39,1.08,2.44,3,0,5,0,2,,
2,Dharmaraj Cheralathan,"Defender, right and left corner",bengaluru-bulls,,,,,15,61,15,19,41,42,1.36,2.8,2,0,1,0,2,,
3,Dharmaraj Cheralathan,"Defender, right and left corner",telugu-titans,,,,,14,37,3,6,28,31,0.6,2.21,1,0,3,0,2,,
4,Dharmaraj Cheralathan,"Defender, right and left corner",patna-pirates,,,,,14,41,2,2,31,39,0.18,2.79,0,0,8,0,4,,
5,Dharmaraj Cheralathan,"Defender, right and left corner",puneri-paltan,,,,,18,25,0,0,24,25,0,1.39,0,0,1,0,0,,
6,Dharmaraj Cheralathan,"Defender, right and left corner",u-mumba,,,,,22,40,0,0,37,40,0,1.82,0,0,3,0,1,,
7,Dharmaraj Cheralathan,"Defender, right and left corner",haryana-steelers,,,,,17,41,1,3,34,38,0.33,2.24,0,0,3,0,1,,
6,Dharmender,Raider,gujarat-fortunegiants,,,,,4,5,2,5,0,0,1.67,0,0,1,0,0,0,,
2,Dinesh Kumar,All Rounder,bengal-warriors,,,,,8,19,17,19,0,0,2.38,0,4,0,0,0,0,,
5,Dong Geon Lee,Raider,tamil-thalaivas,,,,,17,29,24,29,0,0,1.71,0,13,0,0,0,0,,
6,Dong Geon Lee,Raider,gujarat-fortunegiants,,,,,11,31,22,31,0,0,2.82,0,0,1,0,1,0,,
7,Dong Geon Lee,Raider,u-mumba,,,,,4,10,7,10,0,0,2.5,0,4,0,0,0,0,,
1,Dong Ju Hong,All Rounder,dabang-delhi-kc,,,,,2,1,1,1,0,0,0,0,0,0,0,0,0,,
5,Dong Ju Hong,All Rounder,u-mumba,,,,,3,1,0,1,0,0,0,0,0,0,0,0,0,,
1,Dovlet Boshimov,Raider,patna-pirates,,,,,2,4,3,4,0,0,0,0,1,0,0,0,0,,
5,E Subash,All Rounder,u-mumba,,,,,2,3,0,0,2,3,0,1.5,0,0,1,0,0,,
6,E Subash,All Rounder,u-mumba,,,,,2,1,0,0,1,1,0,0,0,0,0,0,0,,
1,Ehsan Zamani Fard,"Defender, left corner",dabang-delhi-kc,,,,,8,6,3,4,2,2,0.5,0.25,0,0,0,0,0,,
5,Elangeshwaran R,All Rounder,telugu-titans,,,,,5,16,7,12,2,4,2.4,0.8,4,1,2,0,0,,
7,Elavarasan A,"Defender, left cover",jaipur-pink-panthers,,,,,3,4,0,0,3,4,0,1.33,0,0,1,0,0,,
7,Emad Sedaghatnia,Raider,puneri-paltan,,,,,2,8,5,8,0,0,4,0,0,0,0,0,0,,
1,Farhad Kamal Gharibi,"Defender, left corner",bengal-warriors,,,,,2,2,0,0,1,2,0,0,0,0,1,0,0,,
5,Farhad Rahimi Milaghardan,"Defender, right cover",telugu-titans,,,,,18,28,5,6,22,22,0.6,1.22,1,0,0,0,0,,
6,Farhad Rahimi Milaghardan,All Rounder,telugu-titans,,,,,22,47,17,22,21,25,1.29,1.14,3,0,4,0,1,,
7,Farhad Rahimi Milaghardan,All Rounder,telugu-titans,,,,,18,52,20,25,27,27,1.47,1.5,3,0,0,0,0,,
2,Fazel Atrachali,"Defender, left corner",u-mumba,,,,,5,12,1,1,9,11,0,2.2,0,0,2,0,1,,
3,Fazel Atrachali,"Defender, left corner",u-mumba,,,,,11,33,0,1,32,32,0,2.91,0,0,0,0,2,,
4,Fazel Atrachali,"Defender, left corner",patna-pirates,,,,,16,52,0,0,45,52,0,3.25,0,0,7,0,4,,
5,Fazel Atrachali,"Defender, left corner",gujarat-fortunegiants,,,,,24,57,0,0,54,57,0,2.38,0,0,3,0,4,,
6,Fazel Atrachali,"Defender, left corner",u-mumba,,,,,23,83,0,0,80,83,0,3.61,0,0,3,0,6,,
7,Fazel Atrachali,"Defender, left corner",u-mumba,,,,,18,59,1,2,54,57,0.22,3.17,0,0,3,0,2,,
2,G.S. Manikandan,"Defender, left cover",dabang-delhi-kc,,,,,13,10,0,0,9,10,0,0.77,0,0,1,0,0,,
3,G.S. Manikandan,"Defender, left cover",dabang-delhi-kc,,,,,7,1,0,0,1,1,0,0.14,0,0,0,0,0,,
1,Gangadhari Mallesh,Raider,jaipur-pink-panthers,,,,,10,16,10,13,3,3,1.63,0.3,1,0,0,0,0,,
2,Gangadhari Mallesh,Raider,jaipur-pink-panthers,,,,,10,11,2,3,6,8,0.43,0.8,3,0,2,0,0,,
3,Gangadhari Mallesh,Raider,jaipur-pink-panthers,,,,,10,10,1,1,8,9,0.17,0.9,1,0,1,0,0,,
6,Gangadhari Mallesh,Raider,jaipur-pink-panthers,,,,,6,4,1,2,1,2,0.4,0.33,1,0,1,0,0,,
6,Gaurav Kumar,Raider,u-mumba,,,,,3,2,2,2,0,0,0.67,0,0,0,0,0,0,,
1,Girish Maruti Ernak,"Defender, left corner",patna-pirates,,,,,12,25,2,2,22,23,0.33,1.92,0,0,1,0,1,,
2,Girish Maruti Ernak,"Defender, left corner",patna-pirates,,,,,13,27,0,0,26,27,0,2.08,0,0,1,0,1,,
3,Girish Maruti Ernak,"Defender, left corner",bengal-warriors,,,,,11,34,0,1,33,33,0.11,3,0,0,0,0,3,,
4,Girish Maruti Ernak,"Defender, left corner",bengal-warriors,,,,,12,25,0,0,23,25,0,2.08,0,0,2,0,1,,
5,Girish Maruti Ernak,"Defender, left corner",puneri-paltan,,,,,21,69,1,5,61,64,0.45,3.05,1,1,3,0,5,,
6,Girish Maruti Ernak,"Defender, left corner",puneri-paltan,,,,,20,57,0,1,52,56,0.25,2.8,0,0,4,0,4,,
7,Girish Maruti Ernak,"Defender, left corner",puneri-paltan,,,,,15,32,0,1,28,31,0,2.07,0,0,3,0,1,,
3,Gnanasekaran M,"Defender, right corner",dabang-delhi-kc,,,,,8,7,3,5,1,2,1,0.25,0,0,1,0,0,,
1,Gokul Shitole,"Defender, right corner",jaipur-pink-panthers,,,,,3,2,0,0,2,2,0,0.67,0,0,0,0,0,,
5,Gulveer Singh,Raider,up-yoddha,,,,,4,3,1,3,0,0,0.75,0,0,0,0,0,0,,
1,Gurchet Singh,,bengaluru-bulls,,,,,4,4,1,1,3,3,0.25,0.75,0,0,0,0,0,,
7,Gurdeep,All Rounder,up-yoddha,,,,,2,2,0,0,2,2,0,0,0,0,0,0,0,,
1,Gurpreet Singh,"Defender, right corner",bengaluru-bulls,,,,,16,27,1,2,24,25,0,1.56,1,0,1,0,1,,
2,Gurpreet Singh,"Defender, right corner",bengaluru-bulls,,,,,2,1,0,0,1,1,0,0,0,0,0,0,0,,
1,Gurvinder Singh,Raider,patna-pirates,,,,,7,13,6,9,3,4,1.8,0.57,3,0,1,0,0,,
2,Gurvinder Singh,Raider,patna-pirates,,,,,16,49,34,44,5,5,2.93,0.31,19,1,0,1,0,,
3,Gurvinder Singh,Raider,patna-pirates,,,,,5,6,2,4,2,2,0.8,0,1,0,0,0,0,,
4,Gurvinder Singh,Raider,u-mumba,,,,,6,4,4,4,0,0,0.67,0,2,0,0,0,0,,
5,Gurvinder Singh,Raider,bengaluru-bulls,,,,,9,24,10,17,7,7,1.89,0.78,5,1,0,0,0,,
5,Gurvinder Singh,"Defender, left cover",up-yoddha,,,,,5,5,0,0,5,5,0,1,0,0,0,0,0,,
7,Gurvinder Singh,Raider,gujarat-fortunegiants,,,,,2,4,3,4,0,0,2,0,0,0,0,0,0,,
2,Hadi Oshtorak,All Rounder,telugu-titans,,,,,4,7,0,0,6,7,0,1.75,0,0,1,0,1,,
3,Hadi Oshtorak,All Rounder,patna-pirates,,,,,10,18,0,0,17,18,0,1.8,0,0,1,0,0,,
4,Hadi Oshtorak,All Rounder,patna-pirates,,,,,7,13,0,1,9,12,0,1.71,0,0,3,0,1,,
5,Hadi Oshtorak,All Rounder,u-mumba,,,,,16,20,0,0,17,20,0,1.25,0,0,3,0,0,,
6,Hadi Oshtorak,All Rounder,gujarat-fortunegiants,,,,,13,18,4,6,12,12,1.2,0.92,3,0,0,0,0,,
7,Hadi Oshtorak,All Rounder,patna-pirates,,,,,19,43,4,8,29,35,0.62,1.84,0,0,6,0,1,,
4,Hadi Tajik,"Defender, right corner",dabang-delhi-kc,,,,,1,1,0,0,1,1,0,0,0,0,0,0,0,,
5,Hadi Tajik,"Defender, right corner",up-yoddha,,,,,9,9,2,4,5,5,0.5,0.56,1,0,0,0,0,,
7,Hadi Tajik,"Defender, right corner",puneri-paltan,,,,,12,17,1,1,15,16,0.33,1.33,0,0,1,0,0,,
3,Hardeep Duhan,"Defender, right corner",bengaluru-bulls,,,,,1,1,0,0,1,1,0,0,0,0,0,0,0,,
7,Harendra Kumar,"Defender, left cover",u-mumba,,,,,16,17,0,0,16,17,0,1.06,0,0,1,0,1,,
5,Harish Naik,Raider,bengaluru-bulls,,,,,14,24,20,24,0,0,1.71,0,6,0,0,1,0,,
6,Harish Naik,Raider,bengaluru-bulls,,,,,7,21,14,21,0,0,3,0,0,0,0,0,0,,
7,Harmanjit Singh,Raider,gujarat-fortunegiants,,,,,4,5,5,5,0,0,1.25,0,0,0,0,0,0,,
2,Harvinder Singh,"Defender, right cover",puneri-paltan,,,,,4,8,0,0,7,8,0,2,0,0,1,0,0,,
7,Himanshu,"Defender, left corner",tamil-thalaivas,,,,,3,3,1,2,1,1,0,0,0,0,0,0,0,,
2,Hyunil Park,All Rounder,telugu-titans,,,,,2,3,1,2,1,1,0,0,0,0,0,0,0,,
2,Inderpal Bishnoi,Raider,dabang-delhi-kc,,,,,2,1,1,1,0,0,0,0,0,0,0,0,0,,
2,Isac Antony,Raider,telugu-titans,,,,,7,14,9,10,4,4,1.67,0.57,1,0,0,0,0,,
3,Isac Antony,Raider,telugu-titans,,,,,2,1,1,1,0,0,0,0,1,0,0,0,0,,
7,Jadhav Balasaheb Shahaji,"Defender, right cover",puneri-paltan,,,,,18,35,0,0,28,35,0,1.94,0,0,7,0,3,,
3,Jagdeesha K.K.,"Defender, right corner",jaipur-pink-panthers,,,,,7,5,0,0,5,5,0,0.71,0,0,0,0,0,,
5,Jaideep,"Defender, left corner",patna-pirates,,,,,26,71,0,0,66,71,0,2.73,0,0,5,0,5,,
6,Jaideep,"Defender, left corner",patna-pirates,,,,,22,58,0,0,56,58,0,2.64,0,0,2,0,4,,
7,Jaideep,"Defender, left corner",patna-pirates,,,,,19,48,0,0,45,48,0,2.53,0,0,3,0,3,,
1,Jang Kun Lee,Raider,bengal-warriors,,,,,11,57,39,55,2,2,5,0.18,10,5,0,2,0,,
2,Jang Kun Lee,Raider,bengal-warriors,,,,,14,50,36,48,2,2,3.43,0.14,15,3,0,1,0,,
3,Jang Kun Lee,Raider,bengal-warriors,,,,,15,90,64,79,9,11,5.27,0.73,33,2,2,2,0,,
4,Jang Kun Lee,Raider,bengal-warriors,,,,,11,65,49,61,4,4,5.55,0.36,13,2,0,2,0,,
5,Jang Kun Lee,Raider,bengal-warriors,,,,,21,89,80,89,0,0,4.24,0,8,0,0,0,0,,
6,Jang Kun Lee,Raider,bengal-warriors,,,,,18,82,61,79,2,3,4.39,0.17,7,2,1,2,0,,
7,Jang Kun Lee,Raider,patna-pirates,,,,,13,50,37,49,1,1,3.77,0.08,14,0,0,0,0,,
1,Jasmer Singh Gulia,All Rounder,dabang-delhi-kc,,,,,14,45,7,7,36,38,0.78,2.71,2,0,2,0,0,,
2,Jasmer Singh Gulia,All Rounder,dabang-delhi-kc,,,,,3,2,0,0,2,2,0,0.67,0,0,0,0,0,,
3,Jasmer Singh Gulia,All Rounder,puneri-paltan,,,,,16,46,0,0,41,46,0,2.88,0,0,5,0,4,,
4,Jasmer Singh Gulia,All Rounder,telugu-titans,,,,,13,19,0,0,19,19,0,1.46,0,0,0,0,1,,
6,Jasmer Singh Gulia,All Rounder,bengaluru-bulls,,,,,6,4,0,0,4,4,0,0.67,0,0,0,0,0,,
1,Jasvir Singh,Raider,jaipur-pink-panthers,,,,,15,113,83,106,6,7,7.07,0.47,9,2,1,2,0,,
2,Jasvir Singh,Raider,jaipur-pink-panthers,,,,,13,74,52,64,8,10,4.92,0.77,7,0,2,0,0,,
3,Jasvir Singh,Raider,jaipur-pink-panthers,,,,,4,25,15,25,0,0,6.25,0,12,2,0,1,0,,
4,Jasvir Singh,Raider,jaipur-pink-panthers,,,,,14,88,64,82,4,6,5.86,0.43,17,0,2,2,0,,
5,Jasvir Singh,Raider,jaipur-pink-panthers,,,,,15,66,49,61,3,5,4.07,0.33,14,3,2,2,0,,
6,Jasvir Singh,Raider,tamil-thalaivas,,,,,16,46,32,42,4,4,2.8,0.25,2,0,0,0,0,,
4,Jawahar Dagar,Raider,jaipur-pink-panthers,,,,,6,2,0,0,2,2,0,0.33,0,0,0,0,0,,
5,Jawahar Dagar,Raider,patna-pirates,,,,,18,35,3,6,26,29,0.6,1.61,1,0,3,0,0,,
6,Jawahar Dagar,Defender,patna-pirates,,,,,15,23,1,3,17,20,0,1.33,0,0,3,0,2,,
7,Jawahar Dagar,Defender,patna-pirates,,,,,7,5,0,0,5,5,0,0.71,0,0,0,0,0,,
3,Jay Bahadur Bohara,Raider,dabang-delhi-kc,,,,,1,2,1,2,0,0,0,0,2,0,0,0,0,,
1,Jeeva Gopal,"Defender, left cover",u-mumba,,,,,11,6,0,0,6,6,0,0.55,0,0,0,0,0,,
2,Jeeva Gopal,"Defender, left cover",u-mumba,,,,,2,1,0,0,1,1,0,0.5,0,0,0,0,0,,
5,Jeeva Gopal,"Defender, left cover",haryana-steelers,,,,,6,5,0,0,3,5,0,0.83,0,0,2,0,0,,
1,Jeeva Kumar,"Defender, right and left cover",u-mumba,,,,,9,16,0,0,16,16,0,1.78,0,0,0,0,0,,
2,Jeeva Kumar,"Defender, right and left cover",u-mumba,,,,,13,39,1,1,31,38,0,2.92,0,0,7,0,3,,
3,Jeeva Kumar,"Defender, right and left cover",u-mumba,,,,,16,31,0,0,30,31,0,1.94,0,0,1,0,0,,
4,Jeeva Kumar,"Defender, right and left cover",u-mumba,,,,,14,26,0,0,24,26,0,1.86,0,0,2,0,0,,
5,Jeeva Kumar,"Defender, right and left cover",up-yoddha,,,,,22,44,0,0,37,44,0,2,0,0,7,0,1,,
6,Jeeva Kumar,"Defender, right and left cover",up-yoddha,,,,,19,40,0,0,36,40,0,2.11,0,0,4,0,1,,
7,Jeeva Kumar,"Defender, right and left cover",bengal-warriors,,,,,18,31,0,0,30,31,0,1.72,0,0,1,0,0,,
2,Jishnu,"Defender, right cover",telugu-titans,,,,,3,1,0,0,1,1,0,0.33,0,0,0,0,0,,
1,Jitesh Joshi,All Rounder,puneri-paltan,,,,,14,53,31,40,11,13,2.86,0.93,10,0,2,0,2,,
2,Jitesh Joshi,All Rounder,puneri-paltan,,,,,5,16,12,13,3,3,2.6,0.6,5,0,0,0,0,,
2,Joginder Singh Narwal,"Defender, left corner",bengaluru-bulls,,,,,14,30,0,0,30,30,0,2.14,0,0,0,0,0,,
4,Joginder Singh Narwal,"Defender, left corner",puneri-paltan,,,,,16,38,3,4,32,34,0.8,2.13,1,0,2,0,0,,
5,Joginder Singh Narwal,"Defender, left corner",u-mumba,,,,,8,9,0,0,9,9,0,1.13,0,0,0,0,0,,
6,Joginder Singh Narwal,"Defender, left corner",dabang-delhi-kc,,,,,22,51,0,0,47,51,0,2.32,0,0,4,0,1,,
7,Joginder Singh Narwal,"Defender, left corner",dabang-delhi-kc,,,,,19,45,0,0,41,45,0,2.37,0,0,4,0,1,,
2,K. Prapanjan,Raider,u-mumba,,,,,4,7,3,5,2,2,1.25,0,2,0,0,0,0,,
3,K. Prapanjan,Raider,u-mumba,,,,,4,2,1,2,0,0,0.5,0,1,0,0,0,0,,
4,K. Prapanjan,Raider,telugu-titans,,,,,11,12,10,12,0,0,1.09,0,9,0,0,0,0,,
5,K. Prapanjan,Raider,tamil-thalaivas,,,,,22,124,104,123,1,1,5.59,0.05,34,2,0,3,0,,
6,K. Prapanjan,Raider,gujarat-fortunegiants,,,,,22,123,95,122,1,1,5.55,0.05,23,1,0,4,0,,
7,K. Prapanjan,Raider,bengal-warriors,,,,,18,101,71,99,2,2,5.82,0.11,10,4,0,3,0,,
1,Kalimuthu Balamahendran,"Defender, left corner",puneri-paltan,,,,,14,32,8,12,14,20,1,1.43,0,1,6,0,0,,
2,Kalimuthu Balamahendran,"Defender, left corner",puneri-paltan,,,,,6,11,2,6,5,5,3,0.83,5,1,0,0,0,,
6,Kamal Singh,Raider,telugu-titans,,,,,8,15,7,13,1,2,2.17,0.25,3,0,1,0,0,,
7,Kamal Singh,Raider,telugu-titans,,,,,3,2,0,0,2,2,0,0.67,0,0,0,0,0,,
1,Kashiling Adake,Raider,dabang-delhi-kc,,,,,14,122,92,113,8,9,8.07,0.64,18,3,1,5,0,,
2,Kashiling Adake,Raider,dabang-delhi-kc,,,,,14,117,87,114,3,3,8.14,0.21,20,7,0,3,0,,
3,Kashiling Adake,Raider,dabang-delhi-kc,,,,,11,78,55,75,3,3,6.82,0.27,9,3,0,1,0,,
4,Kashiling Adake,Raider,dabang-delhi-kc,,,,,13,89,58,78,8,11,6,0.85,17,3,3,2,0,,
5,Kashiling Adake,Raider,u-mumba,,,,,20,122,81,114,7,8,5.7,0.4,27,4,1,3,0,,
6,Kashiling Adake,Raider,bengaluru-bulls,,,,,20,84,51,67,15,17,3.35,0.85,12,3,2,1,0,,
2,Kazuhiro Takano,All Rounder,jaipur-pink-panthers,,,,,2,1,1,1,0,0,0,0,0,0,0,0,0,,
2,Kedar Lal,Raider,bengal-warriors,,,,,9,13,7,12,1,1,1.33,0,9,1,0,0,0,,
6,Krushna Madane,Defender,telugu-titans,,,,,6,12,1,1,11,11,0,1.83,0,0,0,0,0,,
7,Krushna Madane,Defender,telugu-titans,,,,,9,6,0,0,6,6,0,0.67,0,0,0,0,0,,
5,Kuldeep,Raider,bengal-warriors,,,,,5,2,0,0,2,2,0,0,0,0,0,0,0,,
1,Kuldeep Singh,"Defender, left corner",patna-pirates,,,,,3,5,0,0,4,5,0,1.67,0,0,1,0,0,,
2,Kuldeep Singh,All Rounder,jaipur-pink-panthers,,,,,14,62,20,28,30,34,2,2.43,6,1,4,0,2,,
3,Kuldeep Singh,All Rounder,jaipur-pink-panthers,,,,,10,21,5,7,11,14,0.7,1.4,1,0,3,0,1,,
3,Kuldeep Singh,All Rounder,jaipur-pink-panthers,,,,,10,21,5,7,11,3,0.7,1.4,1,0,3,0,1,,
3,Kuldeep Singh,All Rounder,jaipur-pink-panthers,,,,,10,21,5,7,3,14,0.7,1.4,1,0,3,0,1,,
3,Kuldeep Singh,All Rounder,jaipur-pink-panthers,,,,,10,21,5,7,3,3,0.7,1.4,1,0,3,0,1,,
3,Kuldeep Singh,"Defender, left corner",dabang-delhi-kc,,,,,1,3,5,7,11,14,0.7,1.4,1,0,3,0,1,,
3,Kuldeep Singh,"Defender, left corner",dabang-delhi-kc,,,,,1,3,5,7,11,3,0.7,1.4,1,0,3,0,1,,
3,Kuldeep Singh,"Defender, left corner",dabang-delhi-kc,,,,,1,3,5,7,3,14,0.7,1.4,1,0,3,0,1,,
3,Kuldeep Singh,"Defender, left corner",dabang-delhi-kc,,,,,1,3,5,7,3,3,0.7,1.4,1,0,3,0,1,,
4,Kuldeep Singh,All Rounder,patna-pirates,,,,,15,42,7,8,29,34,0.57,2.27,0,0,5,0,2,,
5,Kuldeep Singh,All Rounder,u-mumba,,,,,20,47,7,16,25,31,1.23,1.55,0,1,6,0,1,,
5,Kuldeep Singh,"Defender, left corner",bengaluru-bulls,,,,,16,32,0,0,30,32,0,2,0,0,2,0,3,,
5,Kuldeep Singh,All Rounder,haryana-steelers,,,,,5,8,0,1,6,7,0,1.4,0,0,1,0,1,,
6,Kuldeep Singh,Defender,haryana-steelers,,,,,22,49,0,0,45,49,0,2.23,0,0,4,0,2,,
6,Kuldeep Singh,All Rounder,patna-pirates,,,,,7,10,0,0,8,10,0,1.43,0,0,2,0,0,,
7,Kuldeep Singh,Defender,haryana-steelers,,,,,9,8,0,0,8,8,0,0.89,0,0,0,0,0,,
6,Lalit Chaudhary,Raider,gujarat-fortunegiants,,,,,3,7,1,3,3,4,1,0,0,0,1,0,0,,
7,Lalit Chaudhary,Raider,gujarat-fortunegiants,,,,,4,5,1,2,2,3,0.5,0,0,0,1,0,0,,
6,Lokesh Kaushik,Raider,jaipur-pink-panthers,,,,,6,4,2,2,2,2,0.4,0,0,0,0,0,0,,
7,M. Abishek,"Defender, right cover",tamil-thalaivas,,,,,6,8,0,0,8,8,0,1.33,0,0,0,0,0,,
5,M. Thivakaran,Raider,tamil-thalaivas,,,,,9,16,11,14,2,2,1.56,0,8,0,0,0,0,,
5,Mahender Singh,"Defender, left cover",bengaluru-bulls,,,,,22,58,1,1,52,57,0,2.59,0,0,5,0,3,,
6,Mahender Singh,"Defender, left cover",bengaluru-bulls,,,,,24,63,0,0,62,63,0,2.63,0,0,1,0,6,,
7,Mahender Singh,"Defender, left cover",bengaluru-bulls,,,,,16,46,0,0,39,46,0,2.88,0,0,7,0,3,,
1,Mahendra Ganesh Rajput,Raider,bengal-warriors,,,,,8,21,17,21,0,0,2.63,0,2,0,0,0,0,,
2,Mahendra Ganesh Rajput,Raider,bengal-warriors,,,,,12,56,37,55,1,1,4.58,0.08,18,3,0,2,0,,
3,Mahendra Ganesh Rajput,Raider,bengal-warriors,,,,,8,26,17,19,5,7,2.38,0.88,12,0,2,0,0,,
5,Mahendra Ganesh Rajput,Raider,gujarat-fortunegiants,,,,,17,62,43,57,5,5,3.35,0.29,15,3,0,0,0,,
6,Mahendra Ganesh Rajput,Raider,gujarat-fortunegiants,,,,,13,30,18,28,2,2,2.15,0.15,0,3,0,0,0,,
1,Mahesh Goud,Raider,bengal-warriors,,,,,13,59,40,51,8,8,3.92,0.62,5,1,0,0,0,,
2,Mahesh Goud,Raider,bengal-warriors,,,,,1,3,3,3,0,0,3,0,2,0,0,0,0,,
3,Mahesh Goud,Raider,bengal-warriors,,,,,13,34,30,33,1,1,2.54,0.08,12,0,0,0,0,,
4,Mahesh Goud,Raider,patna-pirates,,,,,7,5,4,5,0,0,0.83,0,1,0,0,0,0,,
5,Mahesh Goud,Raider,up-yoddha,,,,,21,42,30,35,4,7,1.84,0.33,8,0,3,0,0,,
6,Mahesh Goud,Raider,bengal-warriors,,,,,10,46,26,38,8,8,3.8,0.8,11,3,0,0,0,,
6,Mahesh Maruti Magdum,All Rounder,bengaluru-bulls,,,,,4,7,5,7,0,0,2.33,0,2,0,0,0,0,,
1,Mahipal Narwal,All Rounder,puneri-paltan,,,,,5,31,16,24,7,7,4.8,1.4,5,2,0,1,0,,
2,Mahipal Narwal,All Rounder,puneri-paltan,,,,,9,21,13,15,6,6,1.67,0.67,4,0,0,0,0,,
3,Mahipal Narwal,All Rounder,patna-pirates,,,,,4,13,3,5,8,8,1.25,2,1,0,0,0,0,,
4,Mahipal Narwal,All Rounder,jaipur-pink-panthers,,,,,14,22,8,13,7,9,1.44,0.64,4,1,2,0,0,,
1,Mandeep Kumar,Raider,patna-pirates,,,,,7,5,2,5,0,0,1,0,0,1,0,0,0,,
1,Mangesh Bhagat,Raider,puneri-paltan,,,,,8,28,19,27,1,1,3.38,0.13,6,0,0,0,0,,
1,Maninder Singh,Raider,jaipur-pink-panthers,,,,,16,137,103,130,6,7,8.13,0.44,22,3,1,5,0,,
5,Maninder Singh,Raider,bengal-warriors,,,,,21,192,154,190,2,2,9.05,0.1,22,6,0,9,0,,
6,Maninder Singh,Raider,bengal-warriors,,,,,22,206,158,206,0,0,9.36,0,34,6,0,9,0,,
7,Maninder Singh,Raider,bengal-warriors,,,,,19,192,161,192,0,0,10.11,0,24,6,0,9,0,,
5,Manish,"Defender, right cover",patna-pirates,,,,,23,22,0,0,17,22,0,0.96,0,0,5,0,0,,
6,Manish,"Defender, right cover",patna-pirates,,,,,17,15,0,0,13,15,0,0.88,0,0,2,0,0,,
6,Manjeet,Raider,patna-pirates,,,,,22,102,76,87,14,15,3.95,0.68,17,3,1,2,0,,
7,Manjeet,Raider,puneri-paltan,,,,,20,131,86,104,26,27,5.2,1.35,17,2,1,2,0,,
1,Manjeet Chhillar,All Rounder,bengaluru-bulls,,,,,16,122,53,71,51,51,4.44,3.19,7,2,0,2,3,,
2,Manjeet Chhillar,All Rounder,bengaluru-bulls,,,,,16,107,60,67,39,40,4.19,2.5,4,0,1,0,3,,
3,Manjeet Chhillar,All Rounder,puneri-paltan,,,,,15,106,37,45,56,61,3,4.07,6,2,5,0,5,,
4,Manjeet Chhillar,All Rounder,puneri-paltan,,,,,12,68,20,24,43,44,2.4,3.67,2,1,1,0,5,,
5,Manjeet Chhillar,All Rounder,jaipur-pink-panthers,,,,,15,52,4,5,46,47,0.5,3.13,0,0,1,0,3,,
6,Manjeet Chhillar,All Rounder,tamil-thalaivas,,,,,19,67,5,8,54,59,0.5,3.11,0,0,5,0,2,,
7,Manjeet Chhillar,All Rounder,tamil-thalaivas,,,,,15,41,0,4,35,37,0.36,2.47,0,0,2,0,2,,
2,Manoj Dhull,"Defender, right corner",puneri-paltan,,,,,7,13,0,0,13,13,0,1.86,0,0,0,0,0,,
4,Manoj Dhull,"Defender, right corner",u-mumba,,,,,2,1,0,0,1,1,0,0,0,0,0,0,0,,
5,Manoj Dhull,"Defender, right corner",jaipur-pink-panthers,,,,,9,6,0,0,6,6,0,0.67,0,0,0,0,0,,
6,Manoj Dhull,"Defender, right corner",bengal-warriors,,,,,8,4,0,0,3,4,0,0.5,0,0,1,0,0,,
1,Manoj Kumar,"Defender, left cover",puneri-paltan,,,,,14,42,14,22,17,20,1.83,1.43,0,2,3,0,0,,
2,Manoj Kumar,"Defender, left cover",puneri-paltan,,,,,14,20,2,3,13,17,0.3,1.21,0,0,4,0,1,,
3,Manoj Kumar,"Defender, left cover",telugu-titans,,,,,11,17,0,0,13,17,0,1.55,0,0,4,0,1,,
4,Manoj Kumar,"Defender, left cover",bengaluru-bulls,,,,,8,4,0,0,4,4,0,0.5,0,0,0,0,0,,
5,Manoj Kumar,"Defender, left cover",gujarat-fortunegiants,,,,,5,1,0,0,1,1,0,0,0,0,0,0,0,,
3,Manpreet Singh,Raider,patna-pirates,,,,,13,29,20,24,5,5,1.85,0.38,4,0,0,0,0,,
5,Mayur Shivtarkar,All Rounder,haryana-steelers,,,,,5,6,5,5,1,1,1,0,5,0,0,0,0,,
6,Mayur Shivtarkar,All Rounder,haryana-steelers,,,,,18,23,1,4,19,19,0.33,1.06,0,0,0,0,0,,
7,Mayur Shivtarkar,All Rounder,bengal-warriors,,,,,6,4,0,0,4,4,0,0.67,0,0,0,0,0,,
1,Md. Aruduzzaman Munshi,Raider,u-mumba,,,,,5,2,2,2,0,0,0,0,0,0,0,0,0,,
6,Md. Masud Karim,Raider,up-yoddha,,,,,3,3,2,3,0,0,0,0,1,0,0,0,0,,
2,Meraj Sheykh,All Rounder,telugu-titans,,,,,15,38,18,29,9,9,2.07,0.6,2,3,0,1,0,,
3,Meraj Sheykh,All Rounder,telugu-titans,,,,,14,48,20,27,18,21,1.93,1.5,11,0,3,0,0,,
4,Meraj Sheykh,All Rounder,dabang-delhi-kc,,,,,14,75,42,63,9,12,4.5,0.86,22,4,3,0,0,,
5,Meraj Sheykh,All Rounder,dabang-delhi-kc,,,,,20,104,76,96,8,8,4.8,0.4,31,3,0,2,0,,
6,Meraj Sheykh,All Rounder,dabang-delhi-kc,,,,,19,97,71,94,3,3,4.95,0.16,25,6,0,2,0,,
7,Meraj Sheykh,All Rounder,dabang-delhi-kc,,,,,12,31,22,30,1,1,2.5,0,4,1,0,1,0,,
6,Mithin Kumar,Raider,bengal-warriors,,,,,3,3,2,3,0,0,1,0,2,0,0,0,0,,
7,Mohammad Esmaeil Maghsoudlou Mahalli,Raider,patna-pirates,,,,,17,38,25,31,5,7,1.94,0.41,7,0,2,0,0,,
7,Mohammad Esmaeil Nabibakhsh,All Rounder,bengal-warriors,,,,,19,95,55,70,23,25,3.68,1.32,7,3,2,1,1,,
2,Mohammad Maghshoudulu,All Rounder,jaipur-pink-panthers,,,,,4,1,1,1,0,0,0.25,0,0,0,0,0,0,,
3,Mohammad Maghshoudulu,All Rounder,jaipur-pink-panthers,,,,,10,14,8,13,1,1,1.3,0,9,0,0,0,0,,
7,Mohammad Taghi Paein Mahali,Raider,bengal-warriors,,,,,3,1,0,0,1,1,0,0,0,0,0,0,0,,
5,Mohan Raman G,Raider,u-mumba,,,,,4,8,4,8,0,0,2,0,1,0,0,0,0,,
1,Mohit Chhillar,"Defender, right corner",u-mumba,,,,,16,36,1,1,30,35,0,2.19,0,0,5,0,2,,
2,Mohit Chhillar,"Defender, right corner",u-mumba,,,,,14,42,0,0,39,42,0,3,0,0,3,0,3,,
3,Mohit Chhillar,"Defender, right corner",u-mumba,,,,,13,46,0,0,44,46,0,3.54,0,0,2,0,6,,
4,Mohit Chhillar,"Defender, right corner",bengaluru-bulls,,,,,14,50,1,3,44,47,0.5,3.36,0,0,3,0,4,,
5,Mohit Chhillar,"Defender, right corner",haryana-steelers,,,,,20,42,1,3,35,39,0.43,1.95,0,0,4,0,2,,
6,Mohit Chhillar,"Defender, right corner",jaipur-pink-panthers,,,,,14,31,0,0,28,31,0,2.21,0,0,3,0,0,,
7,Mohit Chhillar,"Defender, right corner",tamil-thalaivas,,,,,18,37,0,0,34,37,0,2.06,0,0,3,0,1,,
7,Mohit Sehrawat,"Defender, right cover",bengaluru-bulls,,,,,13,17,4,5,10,12,0.42,0.92,3,0,2,0,1,,
5,Mohsen Maghsoudloujafari,Raider,telugu-titans,,,,,16,47,26,41,5,6,2.56,0.38,21,2,1,1,0,,
6,Mohsen Maghsoudloujafari,All Rounder,telugu-titans,,,,,19,56,25,29,25,27,1.53,1.42,4,0,2,0,0,,
7,Mohsen Maghsoudloujafari,All Rounder,up-yoddha,,,,,11,8,4,5,2,3,0.63,0.27,3,0,1,0,0,,
5,Monu,Raider,puneri-paltan,,,,,19,49,15,19,29,30,1,1.58,6,1,1,0,1,,
6,Monu,Raider,puneri-paltan,,,,,14,57,38,45,10,12,3.21,0.86,14,1,2,0,0,,
7,Monu,Raider,patna-pirates,,,,,19,36,9,11,18,25,0.79,1.32,2,0,7,0,0,,
4,Monu Goyat,Raider,bengal-warriors,,,,,13,63,52,59,3,4,4.54,0.31,18,0,1,0,0,,
5,Monu Goyat,Raider,patna-pirates,,,,,26,202,159,191,10,11,7.35,0.42,45,4,1,9,0,,
6,Monu Goyat,Raider,haryana-steelers,,,,,20,164,128,160,4,4,8,0.2,5,3,0,10,0,,
7,Monu Goyat,Raider,up-yoddha,,,,,10,46,38,43,2,3,4.3,0.3,5,0,1,1,0,,
5,More GB,Raider,puneri-paltan,,,,,6,16,13,14,2,2,2.33,0,8,0,0,0,0,,
6,More GB,Raider,puneri-paltan,,,,,22,91,60,79,10,12,3.59,0.55,15,1,2,2,0,,
7,More GB,Raider,gujarat-fortunegiants,,,,,17,61,32,40,19,20,2.41,1.18,13,0,1,0,0,,
5,Munish,Raider,telugu-titans,,,,,3,1,0,1,0,0,0,0,0,0,0,0,0,,
5,Muruthu M,"Defender, right cover",tamil-thalaivas,,,,,3,3,0,0,3,3,0,1,0,0,0,0,0,,
5,N. Renjith,"Defender, left corner",u-mumba,,,,,11,12,0,0,10,12,0,1.09,0,0,2,0,0,,
6,N. Shiva Ramakrishna,All Rounder,jaipur-pink-panthers,,,,,1,2,0,0,1,2,0,0,0,0,1,0,0,,
6,Narender,All Rounder,up-yoddha,,,,,25,42,0,0,37,42,0,1.68,0,0,5,0,2,,
6,Naveen,Raider,haryana-steelers,,,,,21,102,71,88,12,14,4.19,0.67,18,4,2,1,0,,
7,Naveen,Raider,haryana-steelers,,,,,14,58,43,56,2,2,4,0.14,10,1,0,1,0,,
6,Naveen Kumar,Raider,dabang-delhi-kc,,,,,22,177,144,172,4,5,7.82,0.23,26,3,1,8,0,,
7,Naveen Kumar,Raider,dabang-delhi-kc,,,,,19,243,201,241,2,2,12.68,0.11,30,2,0,18,0,,
7,Naveen Narwal,"Defender, right cover",bengal-warriors,,,,,3,1,0,0,1,1,0,0.33,0,0,0,0,0,,
3,Navjot Singh,"Defender, right cover",dabang-delhi-kc,,,,,1,1,0,0,1,1,0,0,0,0,0,0,0,,
1,Navneet Gautam,"Defender, left corner",jaipur-pink-panthers,,,,,14,17,0,0,16,17,0,1.21,0,0,1,0,1,,
2,Navneet Gautam,"Defender, left corner",jaipur-pink-panthers,,,,,7,1,0,0,1,1,0,0.14,0,0,0,0,0,,
3,Navneet Gautam,"Defender, left corner",jaipur-pink-panthers,,,,,7,4,0,1,3,3,0,0.43,0,0,0,0,0,,
5,Neeraj Kumar,"Defender, right cover",haryana-steelers,,,,,17,13,0,0,12,13,0,0.76,0,0,1,0,0,,
7,Neeraj Kumar,"Defender, right cover",patna-pirates,,,,,19,51,0,0,47,51,0,2.68,0,0,4,0,3,,
3,Nilesh Salunke,Raider,puneri-paltan,,,,,7,10,5,10,0,0,2,0,6,1,0,0,0,,
4,Nilesh Salunke,Raider,telugu-titans,,,,,15,62,47,61,1,1,4.36,0.07,18,1,0,1,0,,
5,Nilesh Salunke,Raider,telugu-titans,,,,,21,105,78,98,5,7,4.67,0.33,22,2,2,3,0,,
6,Nilesh Salunke,Raider,telugu-titans,,,,,19,85,59,81,4,4,4.26,0.21,23,4,0,0,0,,
7,Nilesh Salunke,Raider,jaipur-pink-panthers,,,,,17,55,40,53,2,2,3.12,0.12,9,1,0,1,0,,
1,Nilesh Shinde,"Defender, right corner",bengal-warriors,,,,,14,35,5,7,25,28,1.75,2,0,0,3,0,2,,
2,Nilesh Shinde,"Defender, right corner",bengal-warriors,,,,,12,30,1,3,21,27,0.43,2.25,1,0,6,0,1,,
3,Nilesh Shinde,"Defender, right corner",bengal-warriors,,,,,16,36,2,2,30,34,0.18,2.13,0,0,4,0,1,,
4,Nilesh Shinde,"Defender, right corner",bengal-warriors,,,,,12,28,1,2,26,26,0.25,2.17,0,0,0,0,0,,
5,Nilesh Shinde,"Defender, right corner",dabang-delhi-kc,,,,,15,24,2,4,19,20,0.5,1.33,1,0,1,0,3,,
3,Nirbhay Narwal,"Defender, left corner",bengaluru-bulls,,,,,2,2,1,1,1,1,0,0,1,0,0,0,0,,
5,Nitesh Kumar,"Defender, right corner",up-yoddha,,,,,19,47,0,0,46,47,0,2.47,0,0,1,0,4,,
6,Nitesh Kumar,Defender,up-yoddha,,,,,25,101,0,1,92,100,0.17,4,0,0,8,0,8,,
7,Nitesh Kumar,Defender,up-yoddha,,,,,18,51,0,1,44,50,0,2.78,0,0,6,0,3,,
6,Nithesh B R,"Defender, right corner",bengaluru-bulls,,,,,2,1,0,0,1,1,0,0,0,0,0,0,0,,
4,Nitin Kumar,All Rounder,u-mumba,,,,,1,1,1,1,0,0,0,0,1,0,0,0,0,,
1,Nitin Madane,Raider,bengal-warriors,,,,,12,107,78,101,4,6,8.42,0.5,8,3,2,5,0,,
4,Nitin Madane,Raider,bengal-warriors,,,,,13,53,43,51,1,2,3.92,0.15,22,1,1,1,0,,
5,Nitin Madane,Raider,u-mumba,,,,,12,13,11,13,0,0,1.08,0,3,0,0,0,0,,
1,Nitin More,"Defender, left cover",puneri-paltan,,,,,9,12,0,0,12,12,0,1.33,0,0,0,0,1,,
2,Nitin More,"Defender, left cover",puneri-paltan,,,,,3,2,0,0,2,2,0,0.67,0,0,0,0,0,,
3,Nitin More,"Defender, left cover",bengal-warriors,,,,,10,5,0,0,5,5,0,0.5,0,0,0,0,0,,
5,Nitin Rawal,Defender,jaipur-pink-panthers,,,,,21,85,49,65,19,20,3.1,0.95,21,4,1,2,0,,
6,Nitin Rawal,All Rounder,jaipur-pink-panthers,,,,,9,31,19,25,5,6,3.57,0.67,6,1,1,0,0,,
7,Nitin Rawal,All Rounder,jaipur-pink-panthers,,,,,15,51,23,32,15,19,2.46,1.27,8,1,4,0,1,,
3,Nitin Tomar,Raider,bengal-warriors,,,,,10,81,68,77,3,4,7.7,0.4,5,1,1,2,0,,
4,Nitin Tomar,Raider,puneri-paltan,,,,,12,34,30,33,1,1,2.75,0.08,11,1,0,0,0,,
5,Nitin Tomar,Raider,up-yoddha,,,,,20,177,135,167,9,10,8.35,0.5,23,7,1,7,0,,
6,Nitin Tomar,Raider,puneri-paltan,,,,,11,102,84,100,2,2,9.09,0.18,13,1,0,4,0,,
7,Nitin Tomar,Raider,puneri-paltan,,,,,13,60,49,54,5,6,4.5,0.46,0,0,1,1,0,,
7,Palle Mallikarjun,Raider,telugu-titans,,,,,3,2,2,2,0,0,0.67,0,0,0,0,0,0,,
5,Pankaj,All Rounder,up-yoddha,,,,,13,16,0,0,16,16,0,1.23,0,0,0,0,0,,
6,Pankaj,All Rounder,up-yoddha,,,,,1,1,0,0,1,1,0,0,0,0,0,0,0,,
7,Pankaj,All Rounder,gujarat-fortunegiants,,,,,9,20,0,0,20,20,0,2.33,0,0,0,0,1,,
7,Pankaj Mohite,Raider,puneri-paltan,,,,,16,113,84,110,3,3,6.88,0.19,24,4,0,3,0,,
2,Pardeep Narwal,Raider,bengaluru-bulls,,,,,6,9,7,9,0,0,1.5,0,4,1,0,0,0,,
3,Pardeep Narwal,Raider,patna-pirates,,,,,16,121,83,116,5,5,7.73,0.31,25,10,0,5,0,,
4,Pardeep Narwal,Raider,patna-pirates,,,,,16,133,100,131,1,2,8.19,0.13,23,3,1,5,0,,
5,Pardeep Narwal,Raider,patna-pirates,,,,,26,369,271,369,0,0,14.19,0,29,18,0,19,0,,
6,Pardeep Narwal,Raider,patna-pirates,,,,,21,233,185,233,0,0,11.1,0,17,6,0,15,0,,
7,Pardeep Narwal,Raider,patna-pirates,,,,,19,243,190,243,0,0,12.79,0,38,12,0,13,0,,
1,Parmod Narwal,All Rounder,bengaluru-bulls,,,,,16,36,10,13,20,23,1.08,1.44,1,0,3,0,0,,
3,Parmod Narwal,All Rounder,bengaluru-bulls,,,,,4,2,0,0,2,2,0,0,0,0,0,0,0,,
4,Parmod Narwal,All Rounder,puneri-paltan,,,,,8,9,3,8,1,1,1.33,0.13,1,1,0,0,0,,
5,Parmod Narwal,All Rounder,haryana-steelers,,,,,6,2,0,0,2,2,0,0.33,0,0,0,0,0,,
6,Parveen,"Defender, left cover",haryana-steelers,,,,,19,28,1,3,20,25,0.5,1.32,0,0,5,0,1,,
7,Parveen,"Defender, left cover",haryana-steelers,,,,,6,4,0,0,3,4,0,0.67,0,0,1,0,0,,
1,Parveen Kumar,"Defender, right cover",bengal-warriors,,,,,8,3,0,0,2,3,0,0.38,0,0,1,0,0,,
2,Parveen M. Jangra,"Defender, left cover",bengal-warriors,,,,,6,6,1,1,5,5,0.25,0.83,0,0,0,0,0,,
4,Parveen Narwal,All Rounder,jaipur-pink-panthers,,,,,1,1,1,1,0,0,0,0,0,0,0,0,0,,
6,Parvesh,Raider,puneri-paltan,,,,,6,12,5,7,4,5,1.17,0.83,1,0,1,0,0,,
3,Parvesh Attri,Raider,bengaluru-bulls,,,,,1,1,1,1,0,0,0,0,1,0,0,0,0,,
4,Parvesh Bhainswal,"Defender, left cover",jaipur-pink-panthers,,,,,7,3,0,0,3,3,0,0.43,0,0,0,0,0,,
5,Parvesh Bhainswal,"Defender, left cover",gujarat-fortunegiants,,,,,24,48,0,0,44,48,0,2,0,0,4,0,2,,
6,Parvesh Bhainswal,"Defender, left cover",gujarat-fortunegiants,,,,,25,86,0,0,82,86,0,3.44,0,0,4,0,5,,
7,Parvesh Bhainswal,"Defender, left cover",gujarat-fortunegiants,,,,,20,47,0,0,43,47,0,2.35,0,0,2,0,4,,
7,Pavan T. R.,"Defender, right cover",jaipur-pink-panthers,,,,,15,12,0,0,10,12,0,0.8,0,0,2,0,0,,
1,Pawan Kumar Kadian,Raider,u-mumba,,,,,10,44,32,43,1,1,4.3,0.1,6,0,0,1,0,,
2,Pawan Kumar Kadian,Raider,u-mumba,,,,,10,16,9,16,0,0,1.6,0,6,1,0,0,0,,
3,Pawan Kumar Kadian,Raider,u-mumba,,,,,5,6,4,6,0,0,1.5,0,3,0,0,0,0,,
4,Pawan Kumar Kadian,Raider,bengaluru-bulls,,,,,9,21,15,20,1,1,2.22,0.11,9,0,0,0,0,,
5,Pawan Kumar Kadian,Raider,jaipur-pink-panthers,,,,,21,122,95,122,0,0,5.81,0,27,2,0,3,0,,
6,Pawan Kumar Kadian,Raider,dabang-delhi-kc,,,,,13,45,32,45,0,0,3.46,0,4,1,0,0,0,,
7,Pawan Kumar Kadian,Raider,puneri-paltan,,,,,6,25,19,25,0,0,4.17,0,5,0,0,1,0,,
3,Pawan Kumar Sehrawat,Raider,bengaluru-bulls,,,,,13,53,36,45,6,8,3.46,0.62,19,1,2,0,0,,
4,Pawan Kumar Sehrawat,Raider,bengaluru-bulls,,,,,10,11,8,11,0,0,1.57,0,6,0,0,0,0,,
5,Pawan Kumar Sehrawat,Raider,gujarat-fortunegiants,,,,,9,10,5,9,1,1,1,0,3,0,0,0,0,,
6,Pawan Kumar Sehrawat,Raider,bengaluru-bulls,,,,,24,282,209,271,11,11,11.29,0.46,29,12,0,13,0,,
7,Pawan Kumar Sehrawat,Raider,bengaluru-bulls,,,,,19,256,187,242,13,14,12.74,0.74,14,6,1,13,0,,
3,PO Surjeet Singh,"Defender, right cover",puneri-paltan,,,,,12,49,1,1,47,48,0.25,4,0,0,1,0,5,,
4,PO Surjeet Singh,"Defender, right cover",u-mumba,,,,,14,37,0,0,33,37,0,2.64,0,0,4,0,2,,
5,PO Surjeet Singh,"Defender, right cover",bengal-warriors,,,,,24,79,3,3,72,76,0.16,3.17,0,0,4,0,9,,
6,PO Surjeet Singh,"Defender, right cover",bengal-warriors,,,,,23,57,2,3,52,54,0.15,2.35,0,0,2,0,4,,
7,PO Surjeet Singh,"Defender, right cover",puneri-paltan,,,,,19,53,1,2,46,51,0.25,2.68,0,0,5,0,5,,
6,Ponparthiban Subramanian,"Defender, right cover",tamil-thalaivas,,,,,12,17,0,0,16,17,0,1.42,0,0,1,0,1,,
7,Ponparthiban Subramanian,"Defender, right cover",tamil-thalaivas,,,,,6,3,0,0,3,3,0,0.5,0,0,0,0,0,,
2,Pradeep Kumar,Raider,u-mumba,,,,,6,26,19,24,1,2,4,0.33,5,2,1,1,0,,
1,Prashant Chavan,"Defender, right corner",jaipur-pink-panthers,,,,,15,33,1,1,28,32,0,2.13,0,0,4,0,2,,
2,Prashant Chavan,"Defender, right corner",jaipur-pink-panthers,,,,,11,11,0,0,9,11,0,1,0,0,2,0,0,,
3,Prashant Chavan,"Defender, right corner",puneri-paltan,,,,,6,3,0,0,3,3,0,0.5,0,0,0,0,0,,
4,Prashant Chavan,"Defender, right corner",dabang-delhi-kc,,,,,9,10,0,0,10,10,0,1.11,0,0,0,0,0,,
1,Prashanth Kumar Rai,Raider,telugu-titans,,,,,7,5,5,5,0,0,0.71,0,0,0,0,0,0,,
2,Prashanth Kumar Rai,Raider,telugu-titans,,,,,15,58,42,54,3,4,3.6,0.27,14,1,1,1,0,,
3,Prashanth Kumar Rai,Raider,telugu-titans,,,,,13,12,8,12,0,0,1,0,1,0,0,0,0,,
4,Prashanth Kumar Rai,Raider,dabang-delhi-kc,,,,,9,19,12,19,0,0,2.38,0,9,2,0,1,0,,
5,Prashanth Kumar Rai,Raider,haryana-steelers,,,,,16,80,62,78,1,2,4.88,0.13,13,3,1,3,0,,
6,Prashanth Kumar Rai,Raider,up-yoddha,,,,,21,147,112,144,2,3,7.2,0.14,23,2,1,5,0,,
7,Prashanth Kumar Rai,Raider,haryana-steelers,,,,,13,53,39,52,0,0,4.08,0,7,0,0,1,0,,
6,Prateek,All Rounder,haryana-steelers,,,,,6,5,1,3,2,2,0.6,0,0,0,0,0,0,,
1,Pravin Niwale,Raider,puneri-paltan,,,,,7,21,12,20,1,1,3.33,0.14,5,3,0,1,0,,
2,Pravin Niwale,Raider,puneri-paltan,,,,,8,42,30,41,1,1,5.13,0.13,9,2,0,0,0,,
3,Pravin Niwale,Raider,dabang-delhi-kc,,,,,2,1,1,1,0,0,0.5,0,0,0,0,0,0,,
1,Preetam Chhillar,All Rounder,bengaluru-bulls,,,,,11,12,3,5,7,7,0.83,0.64,0,0,0,0,0,,
2,Preetam Chhillar,All Rounder,bengaluru-bulls,,,,,12,10,2,2,8,8,0.29,0.67,0,0,0,0,0,,
3,Preetam Chhillar,All Rounder,bengaluru-bulls,,,,,11,14,3,5,9,9,0.83,0.82,0,0,0,0,0,,
4,Preetam Chhillar,All Rounder,puneri-paltan,,,,,8,2,0,0,2,2,0,0.25,0,0,0,0,0,,
5,Preetam Chhillar,All Rounder,bengaluru-bulls,,,,,16,7,1,3,4,4,0.27,0.25,0,1,0,0,0,,
1,Punit Kumar Teotia,Raider,dabang-delhi-kc,,,,,4,5,2,3,2,2,0.75,0.5,0,0,0,0,0,,
7,Purna Singh,Raider,patna-pirates,,,,,6,4,3,4,0,0,0.8,0,1,0,0,0,0,,
5,R. Sriram,Raider,dabang-delhi-kc,,,,,11,36,29,35,1,1,3.18,0.09,16,0,0,0,0,,
1,Rahul Chaudhari,Raider,telugu-titans,,,,,14,161,122,151,9,10,10.79,0.71,8,2,1,8,0,,
2,Rahul Chaudhari,Raider,telugu-titans,,,,,14,107,75,98,9,9,7,0.64,14,6,0,5,0,,
3,Rahul Chaudhari,Raider,telugu-titans,,,,,13,99,77,87,10,12,6.69,0.92,9,1,2,4,0,,
4,Rahul Chaudhari,Raider,telugu-titans,,,,,16,150,110,146,3,4,9.13,0.25,38,6,1,7,0,,
5,Rahul Chaudhari,Raider,telugu-titans,,,,,22,193,159,184,9,9,8.36,0.41,28,5,0,8,0,,
6,Rahul Chaudhari,Raider,telugu-titans,,,,,21,166,136,159,6,7,7.57,0.33,43,4,1,4,0,,
7,Rahul Chaudhari,Raider,tamil-thalaivas,,,,,19,125,96,117,8,8,6.16,0.42,24,0,0,4,0,,
5,Rahul Choudhary,Raider,jaipur-pink-panthers,,,,,5,6,4,5,1,1,1,0,1,0,0,0,0,,
3,Rahul Kumar,"Defender, right cover",telugu-titans,,,,,11,14,0,0,12,14,0,1.27,0,0,2,0,0,,
4,Rahul Kumar,"Defender, right cover",bengaluru-bulls,,,,,9,2,0,0,2,2,0,0.22,0,0,0,0,0,,
5,Rahul Kumar,"Defender, right cover",bengal-warriors,,,,,10,6,0,0,6,6,0,0.6,0,0,0,0,0,,
1,Rajaguru Subramanian,"Defender, right cover",telugu-titans,,,,,14,19,0,0,18,19,0,1.36,0,0,1,0,0,,
2,Rajaguru Subramanian,"Defender, right cover",telugu-titans,,,,,12,18,0,1,15,17,0,1.42,0,0,2,0,0,,
3,Rajaguru Subramanian,"Defender, right cover",dabang-delhi-kc,,,,,7,6,0,0,6,6,0,0.86,0,0,0,0,0,,
6,Rajaguru Subramanian,"Defender, right cover",u-mumba,,,,,8,10,0,0,10,10,0,1.25,0,0,0,0,0,,
7,Rajaguru Subramanian,"Defender, right cover",u-mumba,,,,,5,2,0,0,2,2,0,0.4,0,0,0,0,0,,
2,Rajeev Kumar,"Defender, left corner",dabang-delhi-kc,,,,,3,4,0,0,4,4,0,1.33,0,0,0,0,0,,
1,Rajesh Mondal,Raider,bengaluru-bulls,,,,,15,44,32,39,4,5,2.6,0.33,11,2,1,0,0,,
2,Rajesh Mondal,Raider,bengaluru-bulls,,,,,15,34,27,33,1,1,2.2,0.07,18,1,0,0,0,,
3,Rajesh Mondal,Raider,patna-pirates,,,,,9,28,18,27,1,1,3,0,16,2,0,0,0,,
4,Rajesh Mondal,Raider,patna-pirates,,,,,15,59,47,57,2,2,3.8,0.13,34,1,0,0,0,,
5,Rajesh Mondal,Raider,puneri-paltan,,,,,24,91,75,90,1,1,3.75,0.04,40,1,0,1,0,,
6,Rajesh Mondal,Raider,puneri-paltan,,,,,11,14,13,14,0,0,1.27,0,7,0,0,0,0,,
1,Rajesh Narwal,All Rounder,jaipur-pink-panthers,,,,,16,98,59,72,25,26,4.5,1.63,14,3,1,0,2,,
2,Rajesh Narwal,All Rounder,jaipur-pink-panthers,,,,,14,87,54,69,16,18,4.93,1.29,14,3,2,2,0,,
3,Rajesh Narwal,All Rounder,jaipur-pink-panthers,,,,,14,80,47,59,18,21,4.21,1.5,14,2,3,1,1,,
4,Rajesh Narwal,All Rounder,jaipur-pink-panthers,,,,,16,85,52,66,18,19,4.13,1.19,15,3,1,1,0,,
5,Rajesh Narwal,All Rounder,up-yoddha,,,,,16,27,7,11,15,16,0.69,1,0,1,1,0,0,,
6,Rajesh Narwal,All Rounder,dabang-delhi-kc,,,,,16,20,5,7,13,13,0.64,0.81,0,0,0,0,0,,
6,Rajnish,Raider,telugu-titans,,,,,4,9,8,9,0,0,2.25,0,1,0,0,0,0,,
7,Rajnish,Raider,telugu-titans,,,,,10,45,31,43,2,2,4.3,0.2,10,1,0,2,0,,
1,Raju Lal Choudhary,"Defender, right corner",jaipur-pink-panthers,,,,,5,2,0,0,2,2,0,0.4,0,0,0,0,0,,
3,Raju Lal Choudhary,"Defender, right corner",jaipur-pink-panthers,,,,,1,1,0,0,1,1,0,0,0,0,0,0,0,,
6,Raju Lal Choudhary,"Defender, right corner",bengaluru-bulls,,,,,16,20,0,0,20,20,0,1.25,0,0,0,0,0,,
7,Rakesh Gowda,Raider,telugu-titans,,,,,9,31,20,22,6,9,2.44,1,2,0,3,0,0,,
1,Rakesh Kumar,All Rounder,patna-pirates,,,,,12,99,76,88,11,11,7.33,0.92,6,0,0,2,0,,
2,Rakesh Kumar,All Rounder,patna-pirates,,,,,4,17,12,14,3,3,3.5,0.75,4,0,0,0,0,,
3,Rakesh Kumar,All Rounder,u-mumba,,,,,15,51,29,33,16,18,2.2,1.2,6,0,2,0,1,,
4,Rakesh Kumar,All Rounder,u-mumba,,,,,14,70,40,44,23,26,3.14,1.86,1,1,3,1,0,,
5,Rakesh Kumar,All Rounder,telugu-titans,,,,,10,23,7,7,15,16,0.7,1.6,0,0,1,0,0,,
2,Rakesh Narwal,Raider,bengaluru-bulls,,,,,11,21,14,21,0,0,2.1,0,9,2,0,0,0,,
5,Rakesh Narwal,Raider,gujarat-fortunegiants,,,,,6,18,15,17,1,1,2.83,0,1,1,0,0,0,,
6,Rakesh Narwal,Raider,bengal-warriors,,,,,6,10,5,9,1,1,1.5,0,0,1,0,0,0,,
7,Rakesh Narwal,Raider,bengal-warriors,,,,,1,3,1,3,0,0,0,0,0,0,0,0,0,,
1,Rakesh Singh Kumar,"Defender, left cover",dabang-delhi-kc,,,,,9,4,1,1,3,3,0,0.33,0,0,0,0,0,,
2,Rakesh Singh Kumar,"Defender, left cover",dabang-delhi-kc,,,,,13,19,0,0,17,19,0,1.46,0,0,2,0,1,,
3,Rakesh Singh Kumar,"Defender, left cover",dabang-delhi-kc,,,,,8,3,0,0,3,3,0,0.38,0,0,0,0,0,,
5,Rakesh Singh Kumar,"Defender, left cover",haryana-steelers,,,,,19,24,0,0,23,24,0,1.26,0,0,1,0,1,,
5,Rakshith,Raider,telugu-titans,,,,,6,14,11,12,2,2,2,0,1,0,0,0,0,,
6,Rakshith,Raider,telugu-titans,,,,,11,14,12,14,0,0,1.27,0,3,0,0,0,0,,
1,Ram Kumar Sah,"Defender, left cover",patna-pirates,,,,,9,18,3,3,14,15,0.75,1.67,0,0,1,0,2,,
1,Ran Singh,All Rounder,jaipur-pink-panthers,,,,,10,36,5,11,23,25,1.38,2.5,2,1,2,0,1,,
2,Ran Singh,All Rounder,jaipur-pink-panthers,,,,,14,44,10,13,27,31,1.44,2.21,5,0,4,0,1,,
3,Ran Singh,All Rounder,jaipur-pink-panthers,,,,,14,41,15,20,21,21,1.54,1.5,8,2,0,0,0,,
4,Ran Singh,All Rounder,jaipur-pink-panthers,,,,,16,33,4,5,27,28,1,1.75,0,0,1,0,0,,
5,Ran Singh,All Rounder,bengal-warriors,,,,,23,64,10,12,49,52,1.09,2.26,0,0,3,0,2,,
6,Ran Singh,All Rounder,bengal-warriors,,,,,22,71,23,29,41,42,1.71,1.91,6,1,1,0,0,,
7,Ran Singh,All Rounder,tamil-thalaivas,,,,,18,37,5,9,27,28,0.9,1.56,1,0,1,0,0,,
1,Ravi Dalal,Raider,patna-pirates,,,,,16,111,87,111,0,0,6.94,0,20,4,0,3,0,,
2,Ravi Dalal,Raider,patna-pirates,,,,,11,47,38,44,3,3,4,0.27,8,1,0,0,0,,
4,Ravi Dalal,Raider,bengal-warriors,,,,,6,13,8,13,0,0,2.17,0,7,1,0,0,0,,
5,Ravi Dalal,Raider,dabang-delhi-kc,,,,,5,8,3,5,3,3,1,0.6,1,0,0,0,0,,
2,Ravi Kumar,"Defender, right cover",puneri-paltan,,,,,13,37,0,0,33,37,0,2.85,0,0,4,0,3,,
3,Ravi Kumar,"Defender, right cover",puneri-paltan,,,,,12,9,0,0,8,9,0,0.75,0,0,1,0,0,,
5,Ravi Kumar,"Defender, right cover",puneri-paltan,,,,,23,30,0,0,28,30,0,1.3,0,0,2,0,0,,
6,Ravi Kumar,"Defender, right cover",puneri-paltan,,,,,22,40,0,0,33,40,0,1.82,0,0,7,0,2,,
7,Ravi Kumar,"Defender, right cover",haryana-steelers,,,,,17,39,0,0,34,39,0,2.29,0,0,5,0,3,,
2,Ravi V.,Raider,puneri-paltan,,,,,2,8,5,8,0,0,4,0,3,0,0,0,0,,
3,Ravinandan G.M.,"Defender, left corner",dabang-delhi-kc,,,,,1,1,0,0,1,1,0,0,0,0,0,0,0,,
7,Ravinder,All Rounder,patna-pirates,,,,,5,3,0,0,2,3,0,0.6,0,0,1,0,0,,
5,Ravinder Kumar,"Defender, right corner",jaipur-pink-panthers,,,,,1,1,0,0,1,1,0,0,0,0,0,0,0,,
6,Ravinder Kumar,All Rounder,patna-pirates,,,,,8,9,0,0,8,9,0,1.13,0,0,1,0,0,,
1,Ravinder Pahal,"Defender, right corner",dabang-delhi-kc,,,,,9,29,0,0,29,29,0,3.22,0,0,0,0,3,,
2,Ravinder Pahal,"Defender, right corner",dabang-delhi-kc,,,,,14,64,3,4,53,60,0.36,4.29,0,0,7,0,5,,
3,Ravinder Pahal,"Defender, right corner",dabang-delhi-kc,,,,,11,34,4,8,22,26,0.89,2.36,0,0,4,0,2,,
4,Ravinder Pahal,"Defender, right corner",puneri-paltan,,,,,14,37,0,0,35,37,0,2.64,0,0,2,0,3,,
5,Ravinder Pahal,"Defender, right corner",bengaluru-bulls,,,,,19,54,1,2,49,52,0.4,2.74,0,0,3,0,3,,
6,Ravinder Pahal,"Defender, right corner",dabang-delhi-kc,,,,,22,59,0,0,56,59,0,2.68,0,0,3,0,4,,
7,Ravinder Pahal,"Defender, right corner",dabang-delhi-kc,,,,,19,55,0,0,55,55,0,2.89,0,0,0,0,3,,
4,Ravindra Ramesh Kumawat,All Rounder,bengal-warriors,,,,,2,3,2,2,1,1,1,0,0,0,0,0,0,,
5,Ravindra Ramesh Kumawat,All Rounder,bengal-warriors,,,,,2,2,2,2,0,0,1,0,2,0,0,0,0,,
6,Ravindra Ramesh Kumawat,Raider,bengal-warriors,,,,,12,42,29,37,5,5,3.08,0.42,14,2,0,0,0,,
7,Ravindra Ramesh Kumawat,Raider,bengal-warriors,,,,,2,2,1,1,1,1,0.5,0,0,0,0,0,0,,
2,Ravit Kumar,Raider,telugu-titans,,,,,3,2,1,1,1,1,0,0.33,0,0,0,0,0,,
5,Rinku Narwal,"Defender, left corner",puneri-paltan,,,,,13,22,1,1,17,21,0.2,1.62,0,0,4,0,1,,
6,Rinku Narwal,Defender,puneri-paltan,,,,,15,21,1,1,19,20,0.25,1.33,1,0,1,0,0,,
7,Rinku Narwal,Defender,bengal-warriors,,,,,19,51,0,0,49,51,0,2.68,0,0,2,0,3,,
1,Rishank Devadiga,Raider,u-mumba,,,,,16,77,45,64,13,13,4,0.81,8,2,0,0,0,,
2,Rishank Devadiga,Raider,u-mumba,,,,,13,58,36,44,14,14,3.38,1.08,25,0,0,0,0,,
3,Rishank Devadiga,Raider,u-mumba,,,,,16,115,86,106,8,9,6.63,0.56,29,4,1,2,0,,
4,Rishank Devadiga,Raider,u-mumba,,,,,14,70,57,70,0,0,5,0,19,2,0,2,0,,
5,Rishank Devadiga,Raider,up-yoddha,,,,,21,170,126,165,4,5,7.86,0.24,32,12,1,5,0,,
6,Rishank Devadiga,Raider,up-yoddha,,,,,23,104,82,100,4,4,4.35,0.17,8,3,0,1,0,,
7,Rishank Devadiga,Raider,up-yoddha,,,,,14,47,35,46,1,1,3.29,0.07,6,2,0,0,0,,
5,Rohit,Raider,bengaluru-bulls,,,,,2,4,3,4,0,0,0,0,1,0,0,0,0,,
2,Rohit Baliyan,Raider,telugu-titans,,,,,5,12,11,12,0,0,3,0,1,0,0,0,0,,
3,Rohit Baliyan,Raider,telugu-titans,,,,,11,56,44,54,2,2,4.91,0.18,8,2,0,2,0,,
5,Rohit Baliyan,Raider,dabang-delhi-kc,,,,,17,74,55,65,9,9,3.82,0.53,8,1,0,1,0,,
6,Rohit Baliyan,Raider,u-mumba,,,,,19,108,82,94,13,14,5.22,0.74,6,1,1,0,0,,
7,Rohit Baliyan,Raider,u-mumba,,,,,15,46,29,42,3,4,2.8,0.27,7,2,1,0,0,,
5,Rohit Gulia,All Rounder,gujarat-fortunegiants,,,,,19,38,33,35,3,3,1.84,0.16,12,0,0,0,0,,
6,Rohit Gulia,All Rounder,gujarat-fortunegiants,,,,,19,61,48,58,3,3,3.05,0.16,14,2,0,0,0,,
7,Rohit Gulia,All Rounder,gujarat-fortunegiants,,,,,20,120,92,115,5,5,5.75,0.25,11,1,0,4,0,,
3,Rohit Kumar,Raider,patna-pirates,,,,,12,109,80,102,7,7,9.27,0.58,20,4,0,5,0,,
4,Rohit Kumar,Raider,bengaluru-bulls,,,,,14,100,75,93,6,7,6.64,0.5,15,3,1,1,0,,
5,Rohit Kumar,Raider,bengaluru-bulls,,,,,22,231,192,219,11,12,9.95,0.55,36,1,1,12,0,,
5,Rohit Kumar,"Defender, right cover",up-yoddha,,,,,7,3,1,2,1,1,0,0.14,0,0,0,0,0,,
6,Rohit Kumar,Raider,bengaluru-bulls,,,,,24,171,129,162,9,9,6.75,0.38,24,5,0,5,1,,
7,Rohit Kumar,Raider,bengaluru-bulls,,,,,17,92,69,88,4,4,5.18,0.24,11,2,0,3,0,,
2,Rohit Kumar Choudary,Raider,dabang-delhi-kc,,,,,14,64,41,61,3,3,4.36,0.21,33,6,0,1,0,,
3,Rohit Kumar Choudary,Raider,dabang-delhi-kc,,,,,7,16,11,16,0,0,2.29,0,5,0,0,0,0,,
5,Rohit Kumar Choudary,Raider,puneri-paltan,,,,,11,13,10,13,0,0,1.18,0,1,0,0,0,0,,
6,Rohit Kumar Choudary,Raider,up-yoddha,,,,,6,3,2,3,0,0,0.5,0,0,0,0,0,0,,
3,Rohit Kumar Prajapat,Raider,jaipur-pink-panthers,,,,,3,1,0,0,1,1,0,0,0,0,0,0,0,,
1,Rohit Rana,"Defender, left cover",jaipur-pink-panthers,,,,,15,38,0,0,37,38,0,2.53,0,0,1,0,3,,
2,Rohit Rana,"Defender, left cover",jaipur-pink-panthers,,,,,10,17,1,1,16,16,0,1.6,0,0,0,0,1,,
3,Rohit Rana,"Defender, left cover",jaipur-pink-panthers,,,,,12,18,0,1,14,17,0.17,1.42,0,0,3,0,1,,
4,Rohit Rana,"Defender, left cover",jaipur-pink-panthers,,,,,5,3,0,0,3,3,0,0.6,0,0,0,0,0,,
5,Rohit Rana,"Defender, left cover",telugu-titans,,,,,21,24,0,0,24,24,0,1.14,0,0,0,0,0,,
6,Rohit Rana,"Defender, left cover",u-mumba,,,,,19,38,0,0,37,38,0,2,0,0,1,0,2,,
1,Rupesh Tomar,All Rounder,telugu-titans,,,,,5,5,1,1,3,4,0,0.8,0,0,1,0,0,,
2,Rupesh Tomar,All Rounder,telugu-titans,,,,,6,10,3,4,4,6,0,1,0,0,2,0,0,,
4,Rupesh Tomar,All Rounder,telugu-titans,,,,,3,3,0,0,3,3,0,1,0,0,0,0,0,,
5,Rupesh Tomar,All Rounder,dabang-delhi-kc,,,,,1,1,0,0,1,1,0,0,0,0,0,0,0,,
6,Ruturaj Shivaji Koravi,Defender,gujarat-fortunegiants,,,,,23,47,0,0,44,47,0,2.04,0,0,3,0,1,,
7,Ruturaj Shivaji Koravi,Defender,gujarat-fortunegiants,,,,,15,15,0,0,14,15,0,1,0,0,0,0,0,,
4,S Mahalingam,All Rounder,telugu-titans,,,,,11,16,0,0,14,16,0,1.45,0,0,2,0,0,,
5,Sachin,Raider,gujarat-fortunegiants,,,,,24,173,132,159,13,14,6.63,0.58,37,2,1,7,0,,
1,Sachin Khambe,"Defender, left corner",bengal-warriors,,,,,14,27,5,5,20,22,1,1.57,1,0,2,0,0,,
2,Sachin Khambe,"Defender, left corner",bengal-warriors,,,,,8,24,0,0,20,24,0,3,0,0,4,0,2,,
5,Sachin Kumar,"Defender, left corner",bengaluru-bulls,,,,,9,7,0,1,6,6,0.25,0.67,0,0,0,0,1,,
6,Sachin Kumar,All Rounder,up-yoddha,,,,,25,68,21,25,39,43,1.32,1.72,4,0,4,0,2,,
7,Sachin Kumar,All Rounder,up-yoddha,,,,,12,4,0,0,3,4,0,0.33,0,0,1,0,0,,
7,Sachin Narwal,All Rounder,jaipur-pink-panthers,,,,,12,12,7,11,1,1,1,0.08,3,1,0,0,0,,
1,Sachin Shingade,"Defender, left cover",telugu-titans,,,,,10,20,0,0,19,20,0,2,0,0,1,0,1,,
2,Sachin Shingade,"Defender, left cover",telugu-titans,,,,,4,2,0,0,2,2,0,0.5,0,0,0,0,0,,
3,Sachin Shingade,"Defender, left cover",puneri-paltan,,,,,2,6,0,0,5,6,0,3,0,0,1,0,0,,
4,Sachin Shingade,"Defender, left cover",dabang-delhi-kc,,,,,14,44,0,0,39,44,0,3.14,0,0,5,0,4,,
5,Sachin Shingade,"Defender, left cover",patna-pirates,,,,,26,22,0,0,21,22,0,0.85,0,0,1,0,0,,
6,Sachin Shingade,"Defender, left cover",haryana-steelers,,,,,19,25,0,0,23,25,0,1.32,0,0,2,0,0,,
6,Sachin Tanwar,Raider,gujarat-fortunegiants,,,,,23,204,159,190,12,14,8.26,0.61,28,1,2,7,0,,
7,Sachin Tanwar,Raider,gujarat-fortunegiants,,,,,16,85,65,84,1,1,5.25,0.06,23,1,0,2,0,,
2,Sachin Vittala,"Defender, left corner",puneri-paltan,,,,,4,11,9,11,0,0,2.75,0,4,1,0,0,0,,
6,Sachin Vittala,"Defender, left corner",gujarat-fortunegiants,,,,,22,28,2,3,24,25,0,1.14,0,0,1,0,0,,
7,Saeid Ghaffari,"Defender, left cover",dabang-delhi-kc,,,,,9,8,0,0,8,8,0,0.89,0,0,0,0,0,,
7,Sagar,"Defender, right corner",tamil-thalaivas,,,,,10,10,0,0,9,10,0,1,0,0,1,0,0,,
4,Sagar B Krishna,All Rounder,telugu-titans,,,,,11,6,0,0,6,6,0,0.55,0,0,0,0,0,,
5,Sagar B Krishna,All Rounder,up-yoddha,,,,,17,33,1,1,29,32,0.14,1.88,0,0,3,0,3,,
6,Sagar B Krishna,All Rounder,up-yoddha,,,,,20,18,0,0,17,18,0,0.9,0,0,1,0,1,,
7,Sagar B Krishna,All Rounder,puneri-paltan,,,,,12,14,0,0,11,14,0,1.17,0,0,3,0,1,,
1,Sagar Khatale,"Defender, right corner",puneri-paltan,,,,,8,10,0,0,10,10,0,1.25,0,0,0,0,0,,
2,Sagar Khatale,"Defender, right corner",puneri-paltan,,,,,4,4,0,0,4,4,0,1,0,0,0,0,0,,
1,Samarjeet Singh,All Rounder,jaipur-pink-panthers,,,,,12,12,0,1,10,11,0.2,0.92,0,0,1,0,0,,
2,Samarjeet Singh,All Rounder,jaipur-pink-panthers,,,,,5,2,0,0,1,2,0,0,0,0,1,0,0,,
3,Samarjeet Singh,All Rounder,jaipur-pink-panthers,,,,,5,8,2,2,5,6,0.4,1.2,0,0,1,0,0,,
3,Sandeep,"Defender, left corner",patna-pirates,,,,,3,3,0,0,3,3,0,1,0,0,0,0,0,,
6,Sandeep,"Defender, left corner",bengaluru-bulls,,,,,10,16,0,0,13,16,0,1.6,0,0,3,0,0,,
6,Sandeep,All Rounder,puneri-paltan,,,,,5,10,4,7,2,3,3.5,0.6,2,0,1,0,0,,
7,Sandeep,All Rounder,puneri-paltan,,,,,1,2,0,0,2,2,0,2,0,0,0,0,0,,
2,Sandeep Kandola,"Defender, left corner",telugu-titans,,,,,16,70,7,11,55,59,1.38,3.69,0,0,4,0,6,,
3,Sandeep Kumar Dhull,"Defender, left corner",dabang-delhi-kc,,,,,10,32,0,0,26,32,0,3.2,0,0,6,0,2,,
4,Sandeep Kumar Dhull,"Defender, left corner",telugu-titans,,,,,12,35,0,0,35,35,0,2.92,0,0,0,0,2,,
6,Sandeep Kumar Dhull,"Defender, left corner",jaipur-pink-panthers,,,,,22,67,0,0,62,67,0,3.05,0,0,5,0,4,,
7,Sandeep Kumar Dhull,"Defender, left corner",jaipur-pink-panthers,,,,,20,68,0,1,60,67,0,3.35,0,0,7,0,5,,
2,Sandeep Malik,"Defender, left corner",bengaluru-bulls,,,,,1,2,0,0,1,2,0,0,0,0,1,0,0,,
1,Sandeep Narwal,All Rounder,patna-pirates,,,,,16,119,68,92,21,27,5.75,1.69,11,8,6,1,2,,
2,Sandeep Narwal,All Rounder,patna-pirates,,,,,16,83,36,46,34,37,2.88,2.31,6,1,3,0,2,,
3,Sandeep Narwal,All Rounder,patna-pirates,,,,,14,64,8,9,53,55,0.64,3.93,0,0,2,0,6,,
4,Sandeep Narwal,All Rounder,telugu-titans,,,,,16,66,20,24,40,42,1.5,2.63,0,0,2,0,3,,
5,Sandeep Narwal,All Rounder,puneri-paltan,,,,,21,85,29,33,49,52,1.65,2.48,2,1,3,0,1,,
6,Sandeep Narwal,All Rounder,puneri-paltan,,,,,18,66,16,25,34,41,1.47,2.28,4,1,7,0,1,,
7,Sandeep Narwal,All Rounder,u-mumba,,,,,18,58,12,16,37,42,1,2.33,2,0,5,0,1,,
2,Sandeep Tomar,Raider,dabang-delhi-kc,,,,,3,2,2,2,0,0,0.67,0,1,0,0,0,0,,
2,Sanjay Kumar,All Rounder,puneri-paltan,,,,,7,16,9,15,1,1,2.5,0.14,4,2,0,0,0,,
3,Sanju,Raider,telugu-titans,,,,,4,1,0,0,1,1,0,0.25,0,0,0,0,0,,
4,Sanket Chavan,"Defender, left corner",dabang-delhi-kc,,,,,6,11,0,0,11,11,0,1.83,0,0,0,0,0,,
5,Sanket Chavan,"Defender, left corner",tamil-thalaivas,,,,,7,4,0,0,4,4,0,0.57,0,0,0,0,0,,
7,Sanket Sawant,"Defender, left cover",puneri-paltan,,,,,5,7,0,0,7,7,0,1.4,0,0,0,0,0,,
5,Sanoj Kumar,"Defender, left cover",up-yoddha,,,,,2,3,2,2,1,1,0,0.5,0,0,0,0,0,,
5,Santhapanaselvam,All Rounder,jaipur-pink-panthers,,,,,10,15,0,0,15,15,0,1.5,0,0,0,0,0,,
6,Santhapanaselvam,All Rounder,jaipur-pink-panthers,,,,,14,14,0,0,12,14,0,1,0,0,2,0,0,,
7,Santhapanaselvam,All Rounder,jaipur-pink-panthers,,,,,8,14,0,0,13,14,0,1.75,0,0,1,0,0,,
5,Santhosh B.S,"Defender, left corner",up-yoddha,,,,,9,12,1,3,8,9,0.43,1,0,1,1,0,0,,
5,Satish,"Defender, right corner",patna-pirates,,,,,10,3,0,0,3,3,0,0.3,0,0,0,0,0,,
5,Satpal,"Defender, right corner",dabang-delhi-kc,,,,,10,28,0,4,22,24,0.57,2.4,1,0,2,0,1,,
6,Satpal,"Defender, right corner",dabang-delhi-kc,,,,,12,15,0,1,10,14,0,1.17,0,0,4,0,0,,
7,Satywan,"Defender, left cover",dabang-delhi-kc,,,,,1,1,0,0,1,1,0,0,0,0,0,0,0,,
7,Saurabh Nandal,"Defender, left corner",bengaluru-bulls,,,,,18,48,1,1,42,47,0,2.61,0,0,5,0,5,,
2,Selvamani K,Raider,dabang-delhi-kc,,,,,10,14,9,14,0,0,1.56,0,1,1,0,0,0,,
3,Selvamani K,Raider,dabang-delhi-kc,,,,,8,39,29,38,1,1,4.75,0.13,25,1,0,1,0,,
4,Selvamani K,Raider,dabang-delhi-kc,,,,,13,45,34,45,0,0,3.46,0,27,1,0,0,0,,
5,Selvamani K,Raider,jaipur-pink-panthers,,,,,3,4,3,4,0,0,1.33,0,0,0,0,0,0,,
6,Selvamani K,Raider,jaipur-pink-panthers,,,,,15,41,27,38,3,3,2.71,0.2,9,3,0,1,0,,
7,Selvamani K,Raider,haryana-steelers,,,,,7,13,7,11,2,2,1.83,0,1,1,0,0,0,,
1,Seong Ryeol Kim,Defender,bengal-warriors,,,,,3,5,0,0,5,5,0,1.67,0,0,0,0,0,,
2,Seong Ryeol Kim,Defender,bengal-warriors,,,,,4,4,0,0,3,4,0,1,0,0,1,0,0,,
3,Seong Ryeol Kim,Defender,dabang-delhi-kc,,,,,8,5,2,3,2,2,0.75,0.25,2,0,0,0,0,,
1,Shabeer Bappu,Raider,u-mumba,,,,,10,67,51,66,1,1,6.6,0.1,11,2,0,3,0,,
2,Shabeer Bappu,Raider,u-mumba,,,,,10,47,36,46,1,1,4.6,0.1,22,2,0,1,0,,
3,Shabeer Bappu,Raider,u-mumba,,,,,10,13,11,13,0,0,1.3,0,4,0,0,0,0,,
4,Shabeer Bappu,Raider,jaipur-pink-panthers,,,,,12,35,18,24,6,11,2,0.92,2,1,5,0,1,,
5,Shabeer Bappu,Raider,u-mumba,,,,,12,38,30,35,2,3,2.92,0.25,9,0,1,1,0,,
6,Shabeer Bappu,Raider,dabang-delhi-kc,,,,,6,7,6,7,0,0,1.17,0,0,0,0,0,0,,
7,Shabeer Bappu,Raider,tamil-thalaivas,,,,,14,29,17,22,6,7,1.57,0.5,5,0,1,0,0,,
5,Shashank Wankhede,"Defender, left cover",bengal-warriors,,,,,3,2,0,0,2,2,0,0.67,0,0,0,0,0,,
3,Shrikant Jadhav,Raider,bengal-warriors,,,,,5,10,9,10,0,0,2,0,2,0,0,0,0,,
4,Shrikant Jadhav,Raider,bengal-warriors,,,,,5,7,6,7,0,0,1.75,0,0,0,0,0,0,,
5,Shrikant Jadhav,Raider,u-mumba,,,,,19,98,70,86,10,12,4.78,0.63,22,2,2,2,0,,
6,Shrikant Jadhav,Raider,up-yoddha,,,,,25,146,108,141,4,5,5.64,0.2,43,4,1,5,0,,
7,Shrikant Jadhav,Raider,up-yoddha,,,,,18,117,83,114,3,3,6.33,0.17,26,2,0,3,0,,
1,Shrikant Tewthia,All Rounder,dabang-delhi-kc,,,,,14,50,37,41,8,9,2.93,0.64,3,0,1,1,0,,
2,Shrikant Tewthia,All Rounder,dabang-delhi-kc,,,,,9,19,9,10,8,9,1.25,1,3,0,1,0,0,,
3,Shrikant Tewthia,All Rounder,bengaluru-bulls,,,,,13,33,16,20,12,13,2,1,0,1,1,0,1,,
4,Shrikant Tewthia,All Rounder,jaipur-pink-panthers,,,,,4,2,0,0,1,2,0,0,0,0,1,0,0,,
5,Shrikant Tewthia,All Rounder,bengal-warriors,,,,,23,40,2,4,31,36,0,1.57,0,1,5,0,1,,
6,Shrikant Tewthia,All Rounder,bengal-warriors,,,,,8,13,2,3,10,10,0.75,1.25,0,0,0,0,0,,
5,Shubham Ashok Palkar,Raider,dabang-delhi-kc,,,,,8,7,6,7,0,0,0.88,0,2,0,0,0,0,,
6,Shubham Ashok Palkar,Raider,gujarat-fortunegiants,,,,,4,2,2,2,0,0,0.5,0,2,0,0,0,0,,
6,Shubham Shinde,"Defender, right corner",puneri-paltan,,,,,10,12,0,0,9,12,0,1.2,0,0,3,0,0,,
7,Shubham Shinde,"Defender, right corner",puneri-paltan,,,,,13,18,1,1,15,17,0.17,1.31,0,0,2,0,0,,
1,Shyam Kumar Sah,"Defender, left cover",bengal-warriors,,,,,13,28,7,10,17,18,1.25,1.38,1,0,1,0,0,,
2,Shyam Kumar Sah,"Defender, left cover",bengal-warriors,,,,,7,13,0,0,13,13,0,1.86,0,0,0,0,1,,
3,Shyam Kumar Sah,"Defender, left cover",bengal-warriors,,,,,7,12,4,7,4,5,1.4,0.71,0,1,1,0,0,,
6,Siddharth Sirish Desai,Raider,u-mumba,,,,,21,221,169,218,3,3,10.38,0.14,41,10,0,12,0,,
7,Siddharth Sirish Desai,Raider,telugu-titans,,,,,18,177,143,174,3,3,9.67,0.17,22,6,0,7,0,,
5,Sidharth,All Rounder,jaipur-pink-panthers,,,,,21,31,3,4,24,27,0.36,1.29,0,0,3,0,1,,
1,Simon Kibura,Raider,puneri-paltan,,,,,4,8,5,6,2,2,3,0.5,1,0,0,0,0,,
2,Simon Kibura,Raider,puneri-paltan,,,,,3,1,1,1,0,0,0,0,0,0,0,0,0,,
3,Simon Kibura,Raider,puneri-paltan,,,,,2,2,2,2,0,0,1,0,1,0,0,0,0,,
1,Sinotharan Kanesharajah,Raider,bengaluru-bulls,,,,,1,5,2,4,1,1,0,0,0,1,0,0,0,,
2,Sinotharan Kanesharajah,Raider,bengaluru-bulls,,,,,2,1,0,1,0,0,0,0,1,0,0,0,0,,
5,Sombir,"Defender, right corner",telugu-titans,,,,,17,39,0,0,33,39,0,2.29,0,0,6,0,2,,
6,Sombir,Defender,telugu-titans,,,,,4,1,0,0,1,1,0,0.25,0,0,0,0,0,,
7,Sombir,Defender,dabang-delhi-kc,,,,,8,1,0,0,1,1,0,0,0,0,0,0,0,,
3,Somvir,"Defender, left cover",bengaluru-bulls,,,,,14,22,0,1,20,21,0,1.5,0,0,1,0,0,,
2,Somvir Shekhar,"Defender, right cover",bengaluru-bulls,,,,,14,35,1,1,32,34,0,2.43,0,0,2,0,4,,
4,Somvir Shekhar,"Defender, right cover",puneri-paltan,,,,,16,22,0,0,21,22,0,1.38,0,0,1,0,0,,
5,Somvir Shekhar,"Defender, right cover",jaipur-pink-panthers,,,,,22,30,0,0,29,30,0,1.36,0,0,1,0,0,,
7,Sonu Jaglan,Raider,gujarat-fortunegiants,,,,,15,53,36,45,3,4,3.27,0,7,3,1,1,0,,
2,Sonu Narwal,Raider,jaipur-pink-panthers,,,,,11,51,42,51,0,0,4.64,0,12,1,0,1,0,,
3,Sonu Narwal,Raider,jaipur-pink-panthers,,,,,11,55,49,55,0,0,5,0,8,2,0,0,0,,
4,Sonu Narwal,Raider,puneri-paltan,,,,,11,32,25,32,0,0,2.91,0,2,0,0,0,0,,
6,Sudhanshu Tyagi,"Defender, right cover",haryana-steelers,,,,,13,4,0,0,4,4,0,0.31,0,0,0,0,0,,
1,Sukesh Hegde,Raider,telugu-titans,,,,,14,83,60,79,4,4,5.64,0.29,15,3,0,0,0,,
2,Sukesh Hegde,Raider,telugu-titans,,,,,13,64,44,62,2,2,4.77,0.15,26,5,0,0,0,,
3,Sukesh Hegde,Raider,telugu-titans,,,,,13,64,49,61,2,3,4.69,0.23,11,0,1,0,0,,
4,Sukesh Hegde,Raider,telugu-titans,,,,,9,7,5,7,0,0,0.78,0,5,0,0,0,0,,
5,Sukesh Hegde,Raider,gujarat-fortunegiants,,,,,18,77,58,75,2,2,4.17,0.11,17,2,0,1,0,,
6,Sukesh Hegde,Raider,tamil-thalaivas,,,,,17,71,51,68,2,3,4,0.18,14,3,1,0,0,,
7,Sukesh Hegde,Raider,bengal-warriors,,,,,12,34,22,33,1,1,2.75,0,10,2,0,0,0,,
7,Sumit,"Defender, left corner",up-yoddha,,,,,18,63,1,2,60,61,0.5,3.39,0,0,1,0,5,,
7,Sumit,"Defender, left cover",dabang-delhi-kc,,,,,2,1,0,0,1,1,0,0,0,0,0,0,0,,
7,Sumit Malik,"Defender, left corner",gujarat-fortunegiants,,,,,14,15,0,0,14,15,0,1.07,0,0,1,0,0,,
4,Sumit Singh,Raider,bengaluru-bulls,,,,,5,9,5,7,1,2,1.4,0,2,0,1,0,0,,
6,Sumit Singh,Raider,bengaluru-bulls,,,,,8,15,7,11,4,4,1.57,0.5,3,0,0,0,0,,
7,Sumit Singh,Raider,bengaluru-bulls,,,,,15,39,27,36,2,3,2.4,0.2,8,0,1,0,0,,
2,Sunil,"Defender, left corner",patna-pirates,,,,,9,24,1,2,19,22,0,2.44,0,0,3,0,1,,
3,Sunil,"Defender, left corner",patna-pirates,,,,,15,30,1,1,28,29,0,1.93,1,0,1,0,1,,
4,Sunil,"Defender, left corner",u-mumba,,,,,10,17,0,1,15,16,0,1.6,0,0,1,0,0,,
5,Sunil,"Defender, left corner",dabang-delhi-kc,,,,,18,25,0,0,24,25,0,1.39,0,0,1,0,0,,
6,Sunil,"Defender, right corner",haryana-steelers,,,,,22,41,0,0,41,41,0,1.86,0,0,0,0,2,,
6,Sunil,"Defender, left corner",tamil-thalaivas,,,,,11,13,0,0,12,13,0,1.18,0,0,1,0,0,,
7,Sunil,"Defender, right corner",haryana-steelers,,,,,17,44,0,0,41,44,0,2.59,0,0,1,0,3,,
1,Sunil Hanumanthappa,Raider,bengaluru-bulls,,,,,5,4,1,2,2,2,0,0,0,0,0,0,0,,
1,Sunil Jaipal,Raider,bengal-warriors,,,,,13,50,22,33,13,17,2.54,1.31,3,2,4,0,1,,
2,Sunil Jaipal,Raider,bengal-warriors,,,,,10,40,24,34,4,6,3.4,0.6,8,2,2,0,0,,
3,Sunil Jaipal,Raider,patna-pirates,,,,,2,4,4,4,0,0,2,0,0,0,0,0,0,,
5,Sunil Jaipal,Raider,bengaluru-bulls,,,,,13,31,13,16,12,15,1.23,1.15,2,0,3,0,0,,
4,Sunil Kumar,"Defender, right cover",patna-pirates,,,,,1,1,1,1,0,0,0,0,0,0,0,0,0,,
5,Sunil Kumar,"Defender, right cover",gujarat-fortunegiants,,,,,24,58,1,1,55,57,0.08,2.38,0,0,2,0,3,,
6,Sunil Kumar,Defender,gujarat-fortunegiants,,,,,25,76,0,0,72,76,0,3.04,0,0,4,0,3,,
7,Sunil Kumar,Defender,gujarat-fortunegiants,,,,,18,47,1,1,40,46,0.14,2.56,1,0,6,0,4,,
5,Sunil Siddhgavali,Raider,jaipur-pink-panthers,,,,,12,16,0,0,15,16,0,1.33,0,0,1,0,1,,
6,Sunil Siddhgavali,Defender,jaipur-pink-panthers,,,,,16,38,4,5,30,33,0.71,2.06,2,0,3,0,4,,
7,Sunil Siddhgavali,Defender,jaipur-pink-panthers,,,,,14,9,0,0,6,9,0,0.64,0,0,3,0,0,,
1,Sunil Subhash Lande,"Defender, right corner",puneri-paltan,,,,,4,1,0,0,1,1,0,0.25,0,0,0,0,0,,
4,Sunny,Raider,patna-pirates,,,,,3,1,0,1,0,0,0.33,0,1,0,0,0,0,,
7,Suraj Desai,Raider,telugu-titans,,,,,12,45,35,44,1,1,4,0.08,3,1,0,1,0,,
7,Surender Gill,Raider,up-yoddha,,,,,15,62,41,54,7,8,3.6,0.53,24,1,1,0,0,,
1,Surender Nada,"Defender, left corner",u-mumba,,,,,15,61,8,10,47,51,1.25,3.4,1,0,4,0,5,,
2,Surender Nada,"Defender, left corner",u-mumba,,,,,14,44,2,3,39,41,0.27,2.93,1,0,2,0,4,,
3,Surender Nada,"Defender, left corner",u-mumba,,,,,7,14,0,1,13,13,0.5,1.86,0,0,0,0,0,,
4,Surender Nada,"Defender, left corner",bengaluru-bulls,,,,,13,37,3,4,29,33,0.67,2.54,0,0,4,0,1,,
5,Surender Nada,"Defender, left corner",haryana-steelers,,,,,21,83,2,3,74,80,0.25,3.81,0,0,6,0,9,,
2,Surender Singh,Raider,puneri-paltan,,,,,2,8,4,5,3,3,2.5,1.5,1,0,0,0,0,,
3,Surender Singh,Raider,puneri-paltan,,,,,12,45,34,44,1,1,3.67,0.08,12,2,0,0,0,,
4,Surender Singh,Raider,u-mumba,,,,,11,11,7,9,2,2,0.9,0.18,4,0,0,0,0,,
5,Surender Singh,Raider,up-yoddha,,,,,18,70,47,68,2,2,4,0.11,19,2,0,2,0,,
5,Surender Singh,"Defender, right cover",u-mumba,,,,,22,58,0,0,58,58,0,2.64,0,0,0,0,3,,
6,Surender Singh,Defender,u-mumba,,,,,22,62,0,0,59,62,0,2.82,0,0,3,0,2,,
7,Surender Singh,Raider,up-yoddha,,,,,4,11,5,10,1,1,2.5,0,5,0,0,0,0,,
5,Suresh Kumar,Raider,puneri-paltan,,,,,11,22,12,22,0,0,2,0,9,0,0,0,0,,
1,Suresu Kumar,Raider,u-mumba,,,,,3,6,6,6,0,0,2,0,1,0,0,0,0,,
2,Suresu Kumar,Raider,u-mumba,,,,,1,2,1,1,1,1,1,0,1,0,0,0,0,,
3,Suresu Kumar,Raider,u-mumba,,,,,3,2,2,2,0,0,0,0,1,0,0,0,0,,
4,Suresu Kumar,Raider,u-mumba,,,,,11,23,15,20,3,3,1.82,0.27,12,0,0,0,0,,
5,Suresu Kumar,Raider,dabang-delhi-kc,,,,,3,2,2,2,0,0,0.67,0,0,0,0,0,0,,
7,Surinder Singh,Defender,u-mumba,,,,,18,49,1,4,43,45,0.8,2.5,0,1,2,0,2,,
1,Surjeet Narwal,Raider,dabang-delhi-kc,,,,,14,120,98,113,5,7,8.07,0.5,8,2,2,6,0,,
3,Surjeet Narwal,Raider,bengaluru-bulls,,,,,12,43,29,40,3,3,3.33,0.25,2,2,0,1,0,,
4,Surjeet Narwal,Raider,bengal-warriors,,,,,5,11,6,7,4,4,1.4,0.8,2,0,0,0,0,,
7,Sushant Sail,Raider,puneri-paltan,,,,,9,12,8,12,0,0,1.33,0,1,0,0,0,0,,
7,Sushil Gulia,Raider,jaipur-pink-panthers,,,,,7,20,12,19,1,1,2.71,0,8,2,0,0,0,,
3,Sushil Vijay Bhosle,"Defender, left cover",dabang-delhi-kc,,,,,2,2,0,0,2,2,0,1,0,0,0,0,0,,
1,Swapnil Dilip Shinde,"Defender, right cover",puneri-paltan,,,,,8,8,0,0,8,8,0,1,0,0,0,0,0,,
5,Swapnil Dilip Shinde,"Defender, right cover",dabang-delhi-kc,,,,,13,13,0,0,13,13,0,1,0,0,0,0,0,,
2,T. Prasad,All Rounder,telugu-titans,,,,,6,4,0,0,4,4,0,0.67,0,0,0,0,0,,
3,T. Prasad,All Rounder,telugu-titans,,,,,3,1,0,0,1,1,0,0,0,0,0,0,0,,
1,Tae Deok Eom,All Rounder,patna-pirates,,,,,9,4,1,2,1,2,0.67,0.22,1,0,1,0,0,,
2,Tae Deok Eom,All Rounder,patna-pirates,,,,,8,16,8,11,5,5,1.83,0.63,4,0,0,0,0,,
3,Tae Deok Eom,All Rounder,patna-pirates,,,,,7,1,1,1,0,0,0,0,0,0,0,0,0,,
6,Tae Deok Eom,All Rounder,patna-pirates,,,,,11,1,0,0,1,1,0,0.09,0,0,0,0,0,,
1,Takamitsu Kono,All Rounder,dabang-delhi-kc,,,,,1,2,1,1,1,1,0,0,0,0,0,0,0,,
5,Tapas Pal,All Rounder,dabang-delhi-kc,,,,,5,9,0,0,9,9,0,1.8,0,0,0,0,0,,
6,Tapas Pal,All Rounder,dabang-delhi-kc,,,,,2,1,0,0,1,1,0,0,0,0,0,0,0,,
5,Tushar Balaram Bhoir,"Defender, right cover",dabang-delhi-kc,,,,,8,3,0,0,2,3,0,0.38,0,0,1,0,0,,
2,Tushar Patil,Raider,puneri-paltan,,,,,6,15,15,15,0,0,2.5,0,6,0,0,0,0,,
3,Tushar Patil,Raider,puneri-paltan,,,,,13,22,16,22,0,0,1.83,0,14,2,0,0,0,,
4,Tushar Patil,Raider,jaipur-pink-panthers,,,,,8,15,11,14,1,1,1.75,0.13,6,0,0,0,0,,
5,Tushar Patil,Raider,jaipur-pink-panthers,,,,,17,67,49,64,3,3,3.76,0.18,13,3,0,0,0,,
6,Tushar Patil,Raider,patna-pirates,,,,,9,20,13,20,0,0,2.22,0,4,0,0,0,0,,
3,Umesh Mhatre,Raider,bengal-warriors,,,,,6,19,11,14,4,5,2.33,0.83,6,0,1,0,0,,
4,Umesh Mhatre,Raider,dabang-delhi-kc,,,,,2,8,4,4,3,4,2,2,1,0,1,0,0,,
5,Umesh Mhatre,Raider,puneri-paltan,,,,,5,1,1,1,0,0,0.2,0,1,0,0,0,0,,
7,V. Ajith Kumar,Raider,tamil-thalaivas,,,,,16,91,76,91,0,0,6.07,0,9,1,0,3,0,,
2,Varinder Singh,"Defender, left cover",patna-pirates,,,,,8,5,0,0,5,5,0,0.63,0,0,0,0,0,,
6,Victor Onyango Obiero,All Rounder,tamil-thalaivas,,,,,3,6,4,6,0,0,2,0,0,0,0,0,0,,
7,Victor Onyango Obiero,All Rounder,tamil-thalaivas,,,,,3,8,4,6,1,2,2,0,0,0,1,0,0,,
5,Vijay,Raider,patna-pirates,,,,,19,64,18,27,34,37,1.59,1.95,6,1,3,0,1,,
6,Vijay,All Rounder,patna-pirates,,,,,21,73,50,60,12,13,3.16,0.62,3,0,1,0,0,,
7,Vijay,All Rounder,dabang-delhi-kc,,,,,18,49,29,38,11,11,2.24,0.61,2,2,0,1,0,,
5,Vijay Kumar,"Defender, left corner",tamil-thalaivas,,,,,8,6,0,1,3,5,0,0.63,0,0,2,0,0,,
6,Vijay Kumar,"Defender, right corner",patna-pirates,,,,,4,3,1,2,1,1,0,0.25,2,0,0,0,0,,
7,Vijay Kumar,"Defender, right corner",bengaluru-bulls,,,,,9,5,0,0,4,5,0,0.56,0,0,1,0,0,,
2,Vijay Malik,Raider,patna-pirates,,,,,7,5,4,5,0,0,0.71,0,3,0,0,0,0,,
1,Vijendar Singh,,telugu-titans,,,,,8,20,0,0,19,20,0,2.5,0,0,1,0,2,,
2,Vijender Singh,"Defender, left corner",puneri-paltan,,,,,7,11,0,1,9,10,0,1.43,0,0,1,0,0,,
2,Vijin Thangadurai,"Defender, right cover",bengal-warriors,,,,,7,13,0,0,11,13,0,1.86,0,0,2,0,0,,
3,Vijin Thangadurai,"Defender, right cover",bengal-warriors,,,,,4,2,0,0,2,2,0,0.5,0,0,0,0,0,,
4,Vijin Thangadurai,"Defender, right cover",patna-pirates,,,,,9,2,0,0,2,2,0,0.22,0,0,0,0,0,,
5,Vijin Thangadurai,"Defender, right cover",tamil-thalaivas,,,,,12,4,0,0,3,4,0,0.33,0,0,1,0,0,,
6,Vijin Thangadurai,"Defender, right cover",bengal-warriors,,,,,16,10,0,0,8,10,0,0.63,0,0,2,0,0,,
7,Vikas Chhillar,Raider,haryana-steelers,,,,,1,1,1,1,0,0,0,0,0,0,0,0,0,,
5,Vikas Jaglan,Raider,patna-pirates,,,,,13,13,8,10,3,3,0.83,0.23,1,1,0,0,0,,
6,Vikas Jaglan,All Rounder,patna-pirates,,,,,14,37,13,21,16,16,2.1,1.14,2,1,0,0,0,,
7,Vikas Jaglan,All Rounder,patna-pirates,,,,,19,28,7,12,16,16,0.75,0.84,6,0,0,0,0,,
2,Vikas Kale,"Defender, right cover",bengal-warriors,,,,,8,9,0,0,6,9,0,1.13,0,0,3,0,1,,
3,Vikas Kale,"Defender, right cover",telugu-titans,,,,,9,12,0,0,12,12,0,1.33,0,0,0,0,0,,
6,Vikas Kale,"Defender, right cover",patna-pirates,,,,,22,39,0,0,36,39,0,1.77,0,0,3,0,1,,
7,Vikas Kale,"Defender, right cover",haryana-steelers,,,,,18,37,0,0,35,37,0,2.06,0,0,2,0,2,,
5,Vikas Kumar,Raider,telugu-titans,,,,,14,35,26,30,4,5,2.14,0.36,9,0,1,0,0,,
1,Vikas Tomar,"Defender, right corner",puneri-paltan,,,,,8,5,0,0,4,5,0,0.63,0,0,1,0,0,,
5,Vikash,"Defender, right corner",haryana-steelers,,,,,19,26,0,0,24,26,0,1.37,0,0,2,0,0,,
5,Vikash,All Rounder,bengal-warriors,,,,,4,5,0,0,5,5,0,1.25,0,0,0,0,0,,
6,Vikash Kandola,Raider,haryana-steelers,,,,,22,177,136,172,5,5,7.82,0.23,20,5,0,6,0,,
7,Vikash Kandola,Raider,haryana-steelers,,,,,16,149,113,144,4,4,9.06,0.25,35,5,0,8,0,,
4,Vikash Khandola,Raider,dabang-delhi-kc,,,,,4,3,3,3,0,0,0.75,0,3,0,0,0,0,,
5,Vikash Khandola,Raider,haryana-steelers,,,,,9,58,44,58,0,0,6.44,0,16,1,0,0,0,,
4,Vikash Kumar,Raider,u-mumba,,,,,6,6,4,6,0,0,1,0,0,0,0,0,0,,
6,Vikram Kandola,"Defender, left cover",gujarat-fortunegiants,,,,,1,1,0,0,1,1,0,1,0,0,0,0,0,,
5,Vikrant,Raider,telugu-titans,,,,,3,3,1,3,0,0,0,0,0,0,0,0,0,,
6,Vimal Raj V,All Rounder,tamil-thalaivas,,,,,5,2,2,2,0,0,0.5,0,1,0,0,0,0,,
7,Vinay,Raider,haryana-steelers,,,,,19,95,64,90,4,4,4.84,0.21,13,6,0,2,0,,
2,Vineet Sharma,Raider,bengal-warriors,,,,,8,10,8,8,2,2,1,0.25,2,0,0,0,0,,
3,Vineet Sharma,Raider,bengal-warriors,,,,,4,9,8,8,1,1,2,0,0,0,0,0,0,,
5,Vineet Sharma,Raider,tamil-thalaivas,,,,,18,30,15,16,13,14,0.94,0.78,3,0,1,0,0,,
7,Vineet Sharma,Raider,tamil-thalaivas,,,,,11,16,3,9,6,7,1.13,0.64,2,0,1,0,0,,
3,Vinod Kumar,"Defender, left cover",patna-pirates,,,,,9,16,0,0,16,16,0,1.78,0,0,0,0,0,,
4,Vinod Kumar,"Defender, left cover",telugu-titans,,,,,12,30,16,19,30,30,2.11,2.5,8,0,0,0,1,,
4,Vinod Kumar,"Defender, left cover",telugu-titans,,,,,12,30,16,19,30,30,2.11,0.11,8,0,0,0,1,,
4,Vinod Kumar,"Defender, left cover",telugu-titans,,,,,12,30,16,19,30,1,2.11,2.5,8,0,0,0,1,,
4,Vinod Kumar,"Defender, left cover",telugu-titans,,,,,12,30,16,19,30,1,2.11,0.11,8,0,0,0,1,,
4,Vinod Kumar,"Defender, left cover",telugu-titans,,,,,12,30,16,19,1,30,2.11,2.5,8,0,0,0,1,,
4,Vinod Kumar,"Defender, left cover",telugu-titans,,,,,12,30,16,19,1,30,2.11,0.11,8,0,0,0,1,,
4,Vinod Kumar,"Defender, left cover",telugu-titans,,,,,12,30,16,19,1,1,2.11,2.5,8,0,0,0,1,,
4,Vinod Kumar,"Defender, left cover",telugu-titans,,,,,12,30,16,19,1,1,2.11,0.11,8,0,0,0,1,,
4,Vinod Kumar,Raider,bengaluru-bulls,,,,,9,20,16,19,30,30,2.11,2.5,8,0,0,0,1,,
4,Vinod Kumar,Raider,bengaluru-bulls,,,,,9,20,16,19,30,30,2.11,0.11,8,0,0,0,1,,
4,Vinod Kumar,Raider,bengaluru-bulls,,,,,9,20,16,19,30,1,2.11,2.5,8,0,0,0,1,,
4,Vinod Kumar,Raider,bengaluru-bulls,,,,,9,20,16,19,30,1,2.11,0.11,8,0,0,0,1,,
4,Vinod Kumar,Raider,bengaluru-bulls,,,,,9,20,16,19,1,30,2.11,2.5,8,0,0,0,1,,
4,Vinod Kumar,Raider,bengaluru-bulls,,,,,9,20,16,19,1,30,2.11,0.11,8,0,0,0,1,,
4,Vinod Kumar,Raider,bengaluru-bulls,,,,,9,20,16,19,1,1,2.11,2.5,8,0,0,0,1,,
4,Vinod Kumar,Raider,bengaluru-bulls,,,,,9,20,16,19,1,1,2.11,0.11,8,0,0,0,1,,
5,Vinod Kumar,Raider,patna-pirates,,,,,21,48,20,34,9,14,1.62,0.67,13,2,5,0,0,,
5,Vinod Kumar,Raider,bengal-warriors,,,,,19,41,27,33,8,8,1.94,0.42,18,0,0,0,0,,
5,Vinod Kumar,"Defender, left cover",telugu-titans,,,,,4,2,0,0,2,2,0,0.5,0,0,0,0,0,,
6,Vinod Kumar,All Rounder,u-mumba,,,,,17,51,15,22,25,29,1.29,1.71,5,0,4,0,2,,
7,Vinod Kumar,All Rounder,gujarat-fortunegiants,,,,,9,10,6,6,4,4,0.75,0.44,0,0,0,0,0,,
3,Vinoth Kumar,Raider,bengaluru-bulls,,,,,7,16,13,16,0,0,2.29,0,10,0,0,0,0,,
4,Vinoth Kumar,Raider,telugu-titans,,,,,3,8,7,8,0,0,2.67,0,2,0,0,0,0,,
5,Vinoth Kumar,Raider,telugu-titans,,,,,4,6,5,6,0,0,1.5,0,2,0,0,0,0,,
3,Vinoth Paulyas,Raider,u-mumba,,,,,3,2,2,2,0,0,0.67,0,2,0,0,0,0,,
5,Viraj Vishnu Landge,"Defender, left cover",dabang-delhi-kc,,,,,19,16,0,0,16,16,0,0.84,0,0,0,0,0,,
6,Viraj Vishnu Landge,"Defender, left cover",dabang-delhi-kc,,,,,7,6,0,0,6,6,0,0.86,0,0,0,0,0,,
7,Viraj Vishnu Landge,"Defender, left cover",bengal-warriors,,,,,8,7,0,0,7,7,0,0.88,0,0,0,0,0,,
3,Virender Wazir Singh,Raider,telugu-titans,,,,,4,7,4,6,1,1,1.5,0,2,0,0,0,0,,
5,Virender Wazir Singh,Raider,bengal-warriors,,,,,3,8,3,8,0,0,2.67,0,5,1,0,0,0,,
5,Vishal,All Rounder,dabang-delhi-kc,,,,,5,11,1,2,6,9,0.5,1.8,1,0,3,0,1,,
6,Vishal,All Rounder,dabang-delhi-kc,,,,,6,10,1,1,7,9,0.25,1.5,1,0,2,0,0,,
7,Vishal,All Rounder,jaipur-pink-panthers,,,,,14,41,0,0,34,41,0,2.93,0,0,7,0,1,,
4,Vishal Bhardwaj,All Rounder,telugu-titans,,,,,2,7,1,1,6,6,0,3,0,0,0,0,0,,
5,Vishal Bhardwaj,All Rounder,telugu-titans,,,,,22,71,0,0,68,71,0,3.23,0,0,3,0,5,,
6,Vishal Bhardwaj,Defender,telugu-titans,,,,,17,60,0,0,51,60,0,3.53,0,0,9,0,5,,
7,Vishal Bhardwaj,Defender,telugu-titans,,,,,18,61,0,0,52,61,0,3.39,0,0,9,0,5,,
1,Vishal Mane,"Defender, right cover",u-mumba,,,,,16,20,0,0,19,20,0,1.25,0,0,1,0,1,,
2,Vishal Mane,"Defender, right cover",u-mumba,,,,,14,26,0,0,26,26,0,1.86,0,0,0,0,1,,
3,Vishal Mane,"Defender, right cover",u-mumba,,,,,13,16,0,0,16,16,0,1.23,0,0,0,0,0,,
4,Vishal Mane,"Defender, right cover",bengal-warriors,,,,,14,31,0,0,28,31,0,2.21,0,0,3,0,2,,
5,Vishal Mane,"Defender, right cover",patna-pirates,,,,,26,39,0,0,36,39,0,1.5,0,0,3,0,1,,
6,Vishal Mane,"Defender, right cover",dabang-delhi-kc,,,,,22,38,0,0,36,38,0,1.73,0,0,2,0,3,,
7,Vishal Mane,"Defender, right cover",dabang-delhi-kc,,,,,19,24,0,0,24,24,0,1.26,0,0,0,0,0,,
6,Vishav Chaudhary,"Defender, left cover",up-yoddha,,,,,2,2,1,2,0,0,1,0,0,0,0,0,0,,
5,Vishnu Uthaman,Raider,patna-pirates,,,,,3,1,0,0,1,1,0,0,0,0,0,0,0,,
1,Wajid Ali,All Rounder,telugu-titans,,,,,4,5,3,4,1,1,0,0.25,0,0,0,0,0,,
1,Waleed Al Hasani,Raider,puneri-paltan,,,,,6,14,10,14,0,0,2.33,0,1,1,0,0,0,,
1,Wasim Sajjad,"Defender, right corner",patna-pirates,,,,,15,27,0,0,24,27,0,1.8,0,0,3,0,0,,
1,Wazir Singh,Raider,puneri-paltan,,,,,12,111,85,104,5,7,8.67,0.58,20,2,2,4,0,,
2,Wazir Singh,Raider,puneri-paltan,,,,,11,67,48,65,2,2,5.91,0.18,7,2,0,2,0,,
5,Wazir Singh,Raider,haryana-steelers,,,,,21,120,86,107,11,13,5.1,0.62,27,3,2,3,0,,
6,Wazir Singh,Raider,haryana-steelers,,,,,2,2,2,2,0,0,2,0,0,0,0,0,0,,
7,Yashwant Bishnoi,Raider,tamil-thalaivas,,,,,3,2,2,2,0,0,0.67,0,0,0,0,0,0,,
5,Yatharth Deshwal,All Rounder,dabang-delhi-kc,,,,,6,11,0,0,10,11,0,1.83,0,0,1,0,0,,
2,Yogesh Hooda,Raider,puneri-paltan,,,,,4,13,11,12,1,1,3,0,5,0,0,0,0,,
3,Yogesh Hooda,Raider,puneri-paltan,,,,,6,8,5,6,2,2,1.2,0.33,3,0,0,0,0,,
4,Yogesh Hooda,Raider,bengaluru-bulls,,,,,5,16,12,14,2,2,2.8,0.4,6,0,0,0,0,,
6,Yogesh Hooda,Raider,dabang-delhi-kc,,,,,6,8,1,3,5,5,0.6,0.83,1,0,0,0,0,,
5,Yong Joo Ok,All Rounder,u-mumba,,,,,1,1,1,1,0,0,0,0,1,0,0,0,0,,
5,Young Chang Ko,"Defender, left cover",bengal-warriors,,,,,14,2,0,0,2,2,0,0.14,0,0,0,0,0,,
6,Young Chang Ko,"Defender, left cover",jaipur-pink-panthers,,,,,13,15,0,0,11,15,0,1.15,0,0,4,0,1,,
7,Young Chang Ko,"Defender, left cover",u-mumba,,,,,10,6,0,0,4,6,0,0.6,0,0,2,0,0,,
5,Ziaur Rahman,"Defender, left cover",puneri-paltan,,,,,16,20,0,0,18,20,0,1.25,0,0,2,0,1,,
6,Ziaur Rahman,"Defender, left cover",bengal-warriors,,,,,18,12,0,0,12,12,0,0.67,0,0,0,0,0,,
